publication_id,publication_type,is_included,is_itaukei_associated,linked_provinces,used_non_provincial_flag,used_unsure_flag,verification_state,notes
gatiso_climate_2025,Journal Article,True,True,,False,False,,
aporosa_innovating_2025,Journal Article,True,True,,False,False,,
vave_cultural_2024,Journal Article,True,True,,False,False,verified,verified Fiji rows exist but no province recorded
rokolekutu_politicization_2007,Master's Thesis,True,True,,False,False,,legacy Tagged Fiji? = Yes but no Research Geography row
tuinamuana_global_2002,PhD Thesis,True,True,,False,False,,legacy Tagged Fiji? = Yes but no Research Geography row
vosikata_influence_2015,PhD Thesis,True,True,,False,False,,
farazmand_human_2022,Book Chapter,True,True,,False,False,,
naidu_electricity_2024,Journal Article,True,True,,False,False,,
baledrokadroka_sacred_2012,PhD Thesis,True,True,,False,False,,legacy Tagged Fiji? = Yes but no Research Geography row
veitayaki_chapter_2024,Book Chapter,True,True,,False,False,,
thomas_recent_2004,Journal Article,True,True,,False,False,verified,verified Fiji rows exist but no province recorded
baleivanualala_molecular_2023,Journal Article,True,True,,False,False,,
baleivanualala_carbapenemase_2024,PhD Thesis,True,True,,False,False,,legacy Tagged Fiji? = Yes but no Research Geography row
naduva_mandatory_2024,PhD Thesis,True,True,Fiji - no province specified,True,False,verified,
baleivanualala_environmental_2024,Journal Article,True,True,,False,False,,legacy Tagged Fiji? = Yes but no Research Geography row
baleivanualala_molecular_2024,Journal Article,True,True,Ba; Macuata,False,False,verified,
waqavakatoga_fijian_2025,Journal Article,True,True,,False,False,,
tin_framework_2023,Journal Article,True,True,,False,False,,
watson_social_2017,Journal Article,True,False,,False,False,,
latu_barriers_2018,Journal Article,True,True,,False,False,,
waqa_exploring_2017,Journal Article,True,True,,False,False,,
coriakula_development_2018,Journal Article,True,True,,False,False,,
vakaciriwaqa_discovery_2022,Journal Article,True,True,Lomaiviti,False,False,verified,
tikoca_appraisal_2016,Journal Article,True,True,,False,False,,
tikoca_temporal_2016,Journal Article,True,True,,False,False,,
tikoca_comparison_2016,Journal Article,True,True,,False,False,,
waqavakatoga_international_2023,Report,True,False,,False,False,,
waqavakatoga_west_2021,Master's Thesis,True,False,,False,False,,
fong-lomavatu_plant_2024,Journal Article,True,True,,False,False,,
naqasima-sobey_role_2004,PhD Thesis,True,True,,False,False,,
balawanilotu-roach_comparative_2017,PhD Thesis,True,True,,False,False,,
bainivalu_bioremediation_2024,PhD Thesis,True,True,,False,False,,
dakuidreketi_contexts_2004,PhD Thesis,True,True,,False,False,,legacy Tagged Fiji? = Yes but no Research Geography row
curuki_will_2019,PhD Thesis,True,True,,False,False,,
corerega-hawea_determinants_2020,Master's Thesis,True,True,,False,False,,legacy Tagged Fiji? = Yes but no Research Geography row
copeland_seasonality_2013,Master's Thesis,True,True,,False,False,verified,verified Fiji rows exist but no province recorded
cawanibuka_concepts_2016,Master's Thesis,True,True,,False,False,verified,verified Fiji rows exist but no province recorded
cakacaka_livelihood_2018,PhD Thesis,True,True,,False,False,,legacy Tagged Fiji? = Yes but no Research Geography row
cakacaka_effects_2007,Master's Thesis,True,True,,False,False,verified,verified Fiji rows exist but no province recorded
cagivanua_reclaiming_2023,Master's Thesis,True,True,,False,False,,
cabealawa_educational_2013,Master's Thesis,True,True,,False,False,,legacy Tagged Fiji? = Yes but no Research Geography row
butukoro_bureacratic_1995,Master's Thesis,True,True,,False,False,,legacy Tagged Fiji? = Yes but no Research Geography row
bolatagici_somatic_2016,PhD Thesis,True,True,,False,False,,legacy Tagged Fiji? = Yes but no Research Geography row
bola_potential_2020,Master's Thesis,True,True,,False,False,verified,verified Fiji rows exist but no province recorded
bauleka_retrospective_2013,Master's Thesis,True,True,,False,False,,legacy Tagged Fiji? = Yes but no Research Geography row
balenaivalu_fiji_2008,Master's Thesis,True,True,,False,False,,legacy Tagged Fiji? = Yes but no Research Geography row
baleivolivoli_audit_2018,Master's Thesis,True,True,,False,False,,legacy Tagged Fiji? = Yes but no Research Geography row
baleimakutu_characterization_2022,Master's Thesis,True,True,,False,False,,legacy Tagged Fiji? = Yes but no Research Geography row
alagappan_towards_2025,PhD Thesis,True,False,,False,False,,legacy Tagged Fiji? = Yes but no Research Geography row
ravuvu_fijian_1985,PhD Thesis,True,True,,False,False,,legacy Tagged Fiji? = Yes but no Research Geography row
koroi_long_2010,PhD Thesis,True,True,,False,False,,legacy Tagged Fiji? = Yes but no Research Geography row
wainiqolo_motor_2017,PhD Thesis,True,True,,False,False,,legacy Tagged Fiji? = Yes but no Research Geography row
tawaketini_pacific_2013,Master's Thesis,True,True,,False,False,,legacy Tagged Fiji? = Yes but no Research Geography row
pickering-martin_na_2021,Master's Thesis,True,False,,False,False,,
tagicakibau_gender_2018,PhD Thesis,True,True,,False,False,,legacy Tagged Fiji? = Yes but no Research Geography row
tausere_study_1990,PhD Thesis,True,True,,False,False,,legacy Tagged Fiji? = Yes but no Research Geography row
ratuva_aid_1995,Master's Thesis,True,True,,False,False,,legacy Tagged Fiji? = Yes but no Research Geography row
koto_flash_2014,Master's Thesis,True,True,,False,False,verified,verified Fiji rows exist but no province recorded
thornely_fijian_1979,PhD Thesis,True,False,,False,False,,
whitelaw_people_1966,PhD Thesis,True,False,,False,False,,
turner_womens_1986,PhD Thesis,True,False,,False,False,,
toren_symbolic_1986,PhD Thesis,True,False,,False,False,,
vunicagi_social_2016,Master's Thesis,True,True,,False,False,,legacy Tagged Fiji? = Yes but no Research Geography row
korovavala_politics_1999,PhD Thesis,True,True,,False,False,,legacy Tagged Fiji? = Yes but no Research Geography row
thompson_na_1991,Master's Thesis,True,False,,False,False,,
vuki_long_1994,PhD Thesis,True,True,,False,False,,legacy Tagged Fiji? = Yes but no Research Geography row
fukofuka_editorial_2025,Journal Article,True,True,,False,False,,
fukofuka_indigenous_2023,Journal Article,True,True,,False,False,,
finau_accounting_2023,Journal Article,True,True,,False,False,,
finau_agents_2019,Journal Article,True,True,,False,False,,
finau_varieties_2019,Journal Article,True,True,,False,False,,
kant_internet_2018,Journal Article,True,True,,False,False,,
cox_disaster_2020,Journal Article,True,True,,False,False,,
cox_disaster_2018,Journal Article,True,True,,False,False,,
titifanue_digital_2018,Journal Article,True,True,,False,False,,
titifanue_11_2020,Journal Article,True,True,,False,False,,
scobie_land_2024,Journal Article,True,True,Bua,False,False,verified,
wangchuk_middle_2024,Journal Article,True,True,,False,False,,
scobie_pacific_2021,Book Chapter,True,True,,False,False,,
rika_power_2016,Journal Article,True,True,,False,False,,
norris_compensatory_2024,Journal Article,True,True,,False,False,,
larson_piecemeal_2023,Journal Article,True,True,,False,False,,
morrison_interrogating_2024,Journal Article,True,True,,False,False,,
finau_coastal_2023,Book Chapter,True,True,,False,False,,
finau_old_2022,Journal Article,True,True,,False,False,,
finau_bartering_2022,Book Chapter,True,True,,False,False,verified,verified Fiji rows exist but no province recorded
finau_resistance_2023,Journal Article,True,True,Bua,False,False,verified,
finau_grappling_2024,Book Chapter,True,True,,False,False,,
finau_imagining_2020,Journal Article,True,True,,False,False,,
naisilisili_balawariki_2009,Report,True,True,,False,False,verified,verified Fiji rows exist but no province recorded
anantharajah_toward_2023,Journal Article,True,True,,False,False,,legacy Tagged Fiji? = Yes but no Research Geography row
chand_police_2024,Journal Article,True,False,,False,False,,
chatterjee_climate_2022,Book Chapter,True,True,,False,False,,
kundra_tourist_2022,Journal Article,True,True,Ba,False,False,verified,
nabobo_education_1995,Journal Article,True,False,,False,False,,
nabobo-baba_transformations_2012,Journal Article,True,False,,False,False,,
nabobo-baba_knowing_2006,Book,True,True,Tailevu,False,False,verified,
tuimavana_teachers_2017,Journal Article,True,False,,False,False,,
tuimavana_concept_2020,Journal Article,True,False,,False,False,,
solo_assessment_2023,Journal Article,True,True,,False,False,,
shalvina_effects_2022,Journal Article,True,True,,False,False,,
lako_phytochemicals_2021,PhD Thesis,True,True,,False,False,verified,verified Fiji rows exist but no province recorded
lako_local_2023,Journal Article,True,True,,False,False,,legacy Tagged Fiji? = Yes but no Research Geography row
lako_dietary_2001,Journal Article,True,True,,False,False,verified,verified Fiji rows exist but no province recorded
lako_phytochemical_2006,Journal Article,True,True,Tailevu,False,False,verified,
tomisaka_dietary_2002,Journal Article,True,True,,False,False,,
pasinszki_advances_2020,Journal Article,True,True,,False,False,,
morris_supply_2014,Journal Article,True,True,,False,False,,
holbrook_impacts_2022,Journal Article,True,True,,False,False,,
lako_dietary_2001-1,Journal Article,True,True,,False,False,verified,verified Fiji rows exist but no province recorded
lako_phytochemical_2007,Journal Article,True,True,,False,False,,
tiko_indigenous_2015,PhD Thesis,True,True,,False,False,,legacy Tagged Fiji? = Yes but no Research Geography row
stoeckl_governance_2025,Journal Article,True,True,,False,False,,
stoeckl_value_2024,Journal Article,True,True,,False,False,,
puamau_affirmative_1999,PhD Thesis,True,True,,False,False,,legacy Tagged Fiji? = Yes but no Research Geography row
dakunivosa_accountability_2009,PhD Thesis,True,True,,False,False,,legacy Tagged Fiji? = Yes but no Research Geography row
meo_developing_1989,PhD Thesis,True,True,,False,False,,legacy Tagged Fiji? = Yes but no Research Geography row
dewa_use_1988,PhD Thesis,True,True,,False,False,,legacy Tagged Fiji? = Yes but no Research Geography row
panapasa_sociable_2000,PhD Thesis,True,False,,False,False,,legacy Tagged Fiji? = Yes but no Research Geography row
tavola_fijis_1980,Master's Thesis,True,True,,False,False,verified,verified Fiji rows exist but no province recorded
naca_freshwater_2014,Master's Thesis,True,True,Naitasiri; Serua,False,False,verified,
tagivakatini_jnr_village_2013,Master's Thesis,True,True,,False,False,verified,verified Fiji rows exist but no province recorded
veisa_effects_2019,Master's Thesis,True,True,,False,False,,
tuvuki_vatu-dei_2023,PhD Thesis,True,True,,False,False,,legacy Tagged Fiji? = Yes but no Research Geography row
vuli_pains_2021,Master's Thesis,True,True,,False,False,,legacy Tagged Fiji? = Yes but no Research Geography row
rika_reputational_2019,Journal Article,True,True,,False,False,,
kubiszewski_cascading_2025,Journal Article,True,True,,False,False,,
finau_social_2018,Journal Article,True,True,,False,False,,
nasalo_assessing_2023,Master's Thesis,True,True,Rewa,False,False,verified,
rika_accounting_2008,Journal Article,True,True,Namosi,False,False,verified,
floyd_internet_2002,Book Chapter,True,False,,False,False,,
williams_politics_1998,PhD Thesis,True,False,,False,False,verified,verified Fiji rows exist but no province recorded
namosimalua_rural_2010,Master's Thesis,True,True,,False,False,,legacy Tagged Fiji? = Yes but no Research Geography row
taylor_whole_2012,Book Chapter,True,False,,False,False,,
loga_employee_2018,Master's Thesis,True,True,Fiji - no province specified,True,False,verified,
parker_whose_2024,Journal Article,True,False,,False,False,,
parker_gender_2022,Journal Article,True,True,,False,False,,
kanainabogi_performance_2015,PhD Thesis,True,True,,False,False,,legacy Tagged Fiji? = Yes but no Research Geography row
finau_accounting_2020,PhD Thesis,True,True,,False,False,,
varo_earthquake_2019,Journal Article,True,False,,False,False,,
ginigini_chemodiversity_2019,Journal Article,True,True,,False,False,,legacy Tagged Fiji? = Yes but no Research Geography row
ginigini_analysis_2012,Master's Thesis,True,True,,False,False,,
caze_co-designing_2023,Journal Article,True,True,,False,False,,
varo_demarcation_2019,Journal Article,True,False,,False,False,,
samuwai_thinking_2019,Journal Article,True,True,,False,False,,
roman-ponce_six_2020,Journal Article,True,True,,False,False,,
rambaran_morphological_2021,Journal Article,True,True,,False,False,,
mascuch_antibiotic_2023,Journal Article,True,True,,False,False,,legacy Tagged Fiji? = Yes but no Research Geography row
letzel_genomic_2017,Journal Article,True,True,,False,False,,
hirsch_centering_2024,Journal Article,True,False,,False,False,,
musudroka_school_2012,Master's Thesis,True,True,Fiji - no province specified,True,False,verified,
nailatikau_fiji_2013,Master's Thesis,True,True,,False,False,,legacy Tagged Fiji? = Yes but no Research Geography row
sakai_socio-economic_2010,Master's Thesis,True,True,,False,False,verified,verified Fiji rows exist but no province recorded
sakai_itaukei_2024,PhD Thesis,True,True,,False,False,,legacy Tagged Fiji? = Yes but no Research Geography row
rabo_investigation_2014,Master's Thesis,True,True,Rewa,False,False,verified,
kitolelei_challenges_2014,Report,True,True,,False,False,,
mataitoga_ono-i-lau_2010,Master's Thesis,True,True,Lau,False,False,verified,
vunibola_want_2023,Journal Article,True,True,,False,False,,
see_absences_2024,Journal Article,True,True,,False,False,,
leopold_evaluation_2009,Journal Article,True,True,,False,False,,
young_land_2001,Journal Article,True,False,,False,False,,
fache_draw_2022,Journal Article,True,False,,False,False,verified,verified Fiji rows exist but no province recorded
tagicakiverata_veivosaki_2018,Journal Article,True,True,,False,False,,
rokocakau_flywheel_2019,Master's Thesis,True,False,,False,False,,
veitata_study_2023,PhD Thesis,True,True,,False,False,verified,verified Fiji rows exist but no province recorded
eminhizer_integrated_2008,PhD Thesis,True,False,,False,False,,
sofer_twenty_2009,Journal Article,True,False,Kadavu,False,False,verified,
mangubhai_achieving_2019,Journal Article,True,True,,False,False,,legacy Tagged Fiji? = Yes but no Research Geography row
nelson_isa_2009,Book Chapter,True,False,,False,False,,
niwa_early_2006,Journal Article,True,False,,False,False,,
hulkenberg_cost_2015,Journal Article,True,False,,False,False,,
roche_characteristics_2020,Journal Article,True,False,,False,False,,
singh_role_2022,Journal Article,True,False,,False,False,,
mcandrews_algae_2019,Journal Article,True,False,,False,False,,
avtar_impacts_2021,Journal Article,True,True,Ba; Rewa,False,False,verified,
bricker_ecotourism_2020,Journal Article,True,False,,False,False,,
lee_webcam_2024,Journal Article,True,True,,False,False,,
crawford_sustaining_2014,Journal Article,True,True,,False,False,,
chang_rethinking_2024,Journal Article,True,True,,False,False,,
chang_unlocking_2024,Journal Article,True,True,,False,False,,
cammock_revisioning_2023,Journal Article,True,True,,False,False,,
dumaru_communitybased_2010,Journal Article,True,False,,False,False,,
cammock_awareness_2018,Journal Article,True,True,,False,False,,
tarai_social_2024,Journal Article,True,True,,False,False,,
maiono_vakumuni_2024,Journal Article,True,True,Fiji - no province specified,True,False,verified,
leweniqila_food_2020,Journal Article,True,True,Cakaudrove,False,False,verified,
mcmichael_thick_2020,Journal Article,True,False,,False,False,,
tarai_social_2023,Journal Article,True,True,,False,False,,
morrison_preliminary_2009,Book Chapter,True,False,,False,False,verified,verified Fiji rows exist but no province recorded
morrison_botanical_2009,Book Chapter,True,True,,False,False,,
naikatini_survey_2017,Journal Article,True,True,Naitasiri,False,False,verified,
morrison_cultural_2009,Book Chapter,True,True,,False,False,verified,verified Fiji rows exist but no province recorded
enari_experiences_2025,Journal Article,True,False,,False,False,,
titifanue_climate_2017,Journal Article,True,True,,False,False,,
farrelly_talanoa_2014,Journal Article,True,True,,False,False,,
leweniqila_sa_2023,Journal Article,True,True,Ra,False,False,verified,
finau_perceptions_2023,Journal Article,True,True,,False,False,,
raisele_climate_2025,Journal Article,True,True,,False,False,,legacy Tagged Fiji? = Yes but no Research Geography row
raisele_indigenous_2023,Journal Article,True,True,Ba,False,False,verified,
rokolekutu_interrogating_2024,Journal Article,True,True,,False,False,,
nabobo-baba_decolonising_2008,Journal Article,True,True,,False,False,,legacy Tagged Fiji? = Yes but no Research Geography row
ravuvu_facade_1991,Book,True,True,,False,False,verified,verified Fiji rows exist but no province recorded
ravuvu_development_1988,Book,True,True,,False,False,verified,verified Fiji rows exist but no province recorded
ravuvu_vaka_1983,Book,True,True,,False,False,verified,verified Fiji rows exist but no province recorded
ravuvu_fijian_1987,Book,True,True,,False,False,verified,verified Fiji rows exist but no province recorded
varo_gis_2021,Book Chapter,True,False,,False,False,,
varo_landslide_2019,Journal Article,True,False,,False,False,,
wallis_how_2024,Book Chapter,True,True,,False,False,,
ratuva_coerced_2012,Book Chapter,True,True,,False,False,,
ratuva_military_2011,Journal Article,True,True,,False,False,,
ratuva_ethnicity_2014,Journal Article,True,True,,False,False,,
ratuva_interface_2015,Journal Article,True,True,,False,False,,
korovulavula_framework_2005,Journal Article,True,True,,False,False,,
ratuva_politics_2013,Book,True,True,,False,False,verified,verified Fiji rows exist but no province recorded
ratuva_vakatorocaketaki_2010,Journal Article,True,True,,False,False,,
ratuva_economic_2002,Journal Article,True,True,,False,False,,
ratuva_protectionism_2015,Journal Article,True,True,,False,False,,
korovulavula_peripherality_2020,Journal Article,True,True,,False,False,,
lagi_curui_2023,Journal Article,True,True,,False,False,,legacy Tagged Fiji? = Yes but no Research Geography row
keppel_conservation_2012,Journal Article,True,True,,False,False,,
gardner_sport_2025,Journal Article,True,False,,False,False,,
gardiner_recreating_2022,Journal Article,True,True,,False,False,,
enari_indigenising_2024,Journal Article,True,False,,False,False,,
dwipayanti_inclusive_2022,Journal Article,True,True,,False,False,,
deans_engaging_2024,Journal Article,True,False,,False,False,,
dawson_covid-19_2021,Journal Article,True,True,,False,False,,
chang_progress_2022,Journal Article,True,True,,False,False,,
cammock_reflections_2024,Journal Article,True,True,,False,False,,
bertrand-protat_prevalence_2023,Journal Article,True,True,,False,False,,
aporosa_is_2011,Journal Article,True,True,,False,False,,
mcmichael_planned_2019,Journal Article,True,False,,False,False,,
kumar_adaptation_2020,Book Chapter,True,True,,False,False,,
warrick_pacific_2017,Journal Article,True,False,,False,False,,
myers_climate_2020,Book Chapter,True,False,,False,False,,
bene_is_2016,Journal Article,True,True,,False,False,,legacy Tagged Fiji? = Yes but no Research Geography row
lomavatu_postharvest_2024,Journal Article,True,True,Ba; Ra; Tailevu; Rewa,False,False,verified,
nunn_traditional_2024,Journal Article,True,True,,False,False,,
nelson_perceptions_2022,Journal Article,True,False,,False,False,,
glaus_genetic_2024,Journal Article,True,False,,False,False,,
vunibola_reimagining_2024,Journal Article,True,True,,False,False,,
lagi_covid19_2020,Journal Article,True,False,,False,False,,
frydenberg_integration_2017,Book Chapter,True,True,,False,False,,
nunn_peripherality_2019,Journal Article,True,True,,False,False,,
francis_key_2023,Journal Article,True,True,,False,False,,
nasim_understanding_2023,Journal Article,True,True,,False,False,,
nussey_building_2022,Journal Article,True,True,,False,False,,
rolleston_aiming_2023,Journal Article,True,True,,False,False,,
meo-sewabu_pacific_2017,Report,True,True,,False,False,,
bartley_powhiri_2018,Book Chapter,True,True,,False,False,,
scheyvens_business_2020,Journal Article,True,True,,False,False,,
saunders_consumer_2021,Journal Article,True,True,,False,False,,
meo-sewabu_na_2016,Journal Article,True,True,,False,False,,
eslamian_indigenous_2023,Book Chapter,True,True,,False,False,,
salinger_people_2024,Journal Article,True,True,,False,False,,
salinger_when_2024,Journal Article,True,True,,False,False,,
nelson_understanding_2022,Journal Article,True,False,,False,False,,
keppel_microhabitat_2011,Journal Article,True,True,,False,False,,
scheyvens_indigenous_2017,Journal Article,True,True,,False,False,,
nunn_vuniivilevu_2006,Journal Article,True,False,,False,False,,
morrison_cultural_2009-1,Book Chapter,True,False,,False,False,,
nelson_information_2022,Journal Article,True,False,,False,False,,
jupiter_transforming_2024,Journal Article,True,True,,False,False,,
sterling_creating_2020,Journal Article,True,True,Fiji - no province specified,True,False,verified,
keppel_botanical_2005,Journal Article,True,True,,False,False,verified,verified Fiji rows exist but no province recorded
morrison_preliminary_2009-1,Book Chapter,True,True,,False,False,verified,verified Fiji rows exist but no province recorded
ravuiwasa_temperature-dependent_2012,Journal Article,True,True,,False,False,,
ratuva_neighbours_2019,Book Chapter,True,True,,False,False,,
ratuva_politics_2022,Journal Article,True,True,,False,False,,
tan_jasmonate-induced_2012,Journal Article,True,True,,False,False,,
tan_methyl_2011,Journal Article,True,True,,False,False,,
penteado_concept_2024,Book Chapter,True,True,,False,False,,
ratuva_commodifying_2009,Journal Article,True,True,,False,False,,
ratuva_man_2019,Book Chapter,True,True,,False,False,,
ratuva_failed_2014,Journal Article,True,True,,False,False,,
patay_catalysing_2024,Journal Article,True,True,,False,False,,
reeve_scaling_2023,Journal Article,True,True,,False,False,,
ravulo_queer_2024,Journal Article,True,False,,False,False,,
crawford_is_2015,Journal Article,True,False,,False,False,,
deans_i_2024,Journal Article,True,False,,False,False,,
meki_how_2023,Journal Article,True,True,,False,False,,
tamata_fijian_2003,Journal Article,True,True,,False,False,,
sakai_assessing_2023,Journal Article,True,True,,False,False,,
thow_regional_2022,Journal Article,True,True,,False,False,,
hardin_developing_2023,Journal Article,True,True,,False,False,,
vada_welcome_2023,Journal Article,True,True,,False,False,,
taylor_perspectives_2023,Journal Article,True,True,,False,False,,
ravuvu_beyond_2016,Book Chapter,True,True,,False,False,,
wong_exploring_2024,Journal Article,True,True,,False,False,,
vada_influence_2019,Journal Article,True,True,,False,False,,
vada_influence_2022,Journal Article,True,True,,False,False,,
kondja_exploring_2024,Journal Article,True,True,,False,False,,
ma_inspiring_2020,Journal Article,True,True,,False,False,,
vada_role_2019,Journal Article,True,True,,False,False,,
serafeimidis_sigmoid_2016,Journal Article,True,False,,False,False,,
vakamacawai_tagata_2025,Report,True,True,,False,False,,
ravulo_deconstructing_2024,Book Chapter,True,True,,False,False,,
vada_positive_2020,Journal Article,True,True,,False,False,,
vada_route_2023,Journal Article,True,True,,False,False,,
jana_covid-19_2022,Book Chapter,True,False,,False,False,,
vakamacawai_amoebic_2020,Journal Article,True,False,,False,False,,
mcgregor_enhancing_2025,Journal Article,True,True,,False,False,,
waqairatu_genetic_2012,Journal Article,True,False,,False,False,,
lal_gift_2021,Journal Article,True,False,,False,False,,
vunibola_islands_2022,Journal Article,True,True,,False,False,,
vunibola_indigenous_2022,Journal Article,True,True,,False,False,,
mika_te_2021,Book,True,True,,False,False,,
hallak_indigenous_2024,Book Chapter,True,True,,False,False,,
huntington_how_2017,Journal Article,True,True,,False,False,,
drew_stakeholder_2024,Journal Article,True,True,,False,False,,
veitayaki_partnerships_2005,Journal Article,True,True,,False,False,,
aporosa_new_2015,Journal Article,True,True,,False,False,,
aporosa_grounding_2021,Journal Article,True,True,,False,False,,
hemi_imua_2021,Journal Article,True,True,,False,False,,
olson_priority_2010,Journal Article,True,True,,False,False,,
aporosa_traditional_2022,Journal Article,True,True,,False,False,,
ferguson_local_2022,Journal Article,True,True,,False,False,,
dawson_how_2021,Journal Article,True,False,,False,False,,
ide_periodontal_2011,Journal Article,True,False,,False,False,,
wilson_ratification_2007,Journal Article,True,False,,False,False,,
nishikawa_recent_2008,Journal Article,True,False,,False,False,,
wilson_recent_2006,Journal Article,True,False,,False,False,,
wallis_ordering_2024,Journal Article,True,True,,False,False,,
piovano_mixed_2019,Journal Article,True,True,Bua; Lomaiviti,False,False,verified,
tonumaipea_food_2021,Journal Article,True,False,,False,False,,
parr_fijian_2024,Journal Article,True,True,,False,False,,
brimacombe_new_2018,Journal Article,True,True,,False,False,,
gatiso_understanding_2025,Journal Article,True,True,,False,False,,
lovo_indigenous_2021,Journal Article,True,True,,False,False,,
meosewabu_cultural_2014,Journal Article,True,True,,False,False,,
crossley_quality_2017,Journal Article,True,True,,False,False,,
morrison_preliminary_2009-2,Book Chapter,True,False,,False,False,verified,verified Fiji rows exist but no province recorded
thow_political_2021,Journal Article,True,True,,False,False,,
alston_talanoa_2025,Book Chapter,True,False,,False,False,,
steven_resiliency_2021,Book Chapter,True,True,,False,False,,
vunibola_strategies_2023,Journal Article,True,True,,False,False,,
vunibola_revitalising_2019,Journal Article,True,True,,False,False,,
keppel_flora_2006,Journal Article,True,True,Macuata,False,False,verified,
vunidilo_mataisau_2024,Journal Article,True,True,,False,False,,
lin_ecological_2007,Journal Article,True,False,,False,False,,
nunn_koronivalu_2021,Journal Article,True,True,Bua,False,False,verified,
loganimoce_molecular_2025,Journal Article,True,False,,False,False,,
nayacakalou_fijian_1955,Journal Article,True,True,,False,False,verified,verified Fiji rows exist but no province recorded
nayacakalou_fijian_1957,Journal Article,True,True,,False,False,verified,verified Fiji rows exist but no province recorded
rokomatu_effects_2006,Journal Article,True,False,,False,False,,
baledrokadroka_super_2015,Journal Article,True,True,,False,False,,legacy Tagged Fiji? = Yes but no Research Geography row
mausio_south-south_2023,Journal Article,True,False,,False,False,,
tukana_baseline_2023,Journal Article,True,False,,False,False,,
albert_indicators_2016,Journal Article,True,True,,False,False,,
bolabola_changes_1978,Journal Article,True,False,,False,False,,
mausio_political_2002,Journal Article,True,False,,False,False,,
cammock_cultural_2023,Journal Article,True,True,,False,False,,
vave_urban-rural_2021,Journal Article,True,True,,False,False,,
vave_balancing_2023,Journal Article,True,True,,False,False,verified,verified Fiji rows exist but no province recorded
vave_five_2022,Journal Article,True,True,,False,False,verified,verified Fiji rows exist but no province recorded
vave_impacts_2024,Journal Article,True,True,,False,False,,
ravuvu_monitoring_2017,Journal Article,True,True,,False,False,,
kitolelei_fisherwomens_2022,Journal Article,True,True,,False,False,,
kitolelei_na_2021,Journal Article,True,True,,False,False,,
kitolelei_spatial_2022,Journal Article,True,True,,False,False,,
kitolelei_conservation_2022,Journal Article,True,True,Bua,False,False,verified,
aporosa_-mythologizing_2019,Journal Article,True,True,,False,False,,
stalio_ecosystem_2016,PhD Thesis,True,False,,False,False,,
reddy_indo-fijian_2020,PhD Thesis,True,False,,False,False,,
butler_integrating_2012,Journal Article,True,True,,False,False,,
aporosa_impact_2022,Journal Article,True,True,,False,False,,
cochrane_lapita_2007,Journal Article,True,False,,False,False,,
yabaki_placing_2016,Journal Article,True,False,,False,False,,
tomlinson_reflexivity_2006,Journal Article,True,False,,False,False,,
shivas_colletotrichum_2016,Journal Article,True,True,,False,False,,
nunn_human_2022,Journal Article,True,True,,False,False,,
kumar_identifying_2021,Journal Article,True,True,Lomaiviti,False,False,verified,
nunn_human_2005,Journal Article,True,False,,False,False,,
alfaro_faunal_2009,Journal Article,True,True,Nadroga/Navosa,False,False,verified,
murphy_fifteen_2021,Journal Article,True,True,,False,False,,
ban_effects_2023,Journal Article,True,False,,False,False,,
ogarra_national-level_2023,Journal Article,True,True,,False,False,,
van_putten_history_2023,Journal Article,True,True,,False,False,,
niesten_incentives_2013,Journal Article,True,True,,False,False,,
ravuvu_analysing_2021,Journal Article,True,True,,False,False,,
ravuvu_childhood_2020,Journal Article,True,True,,False,False,,
reeve_strengthening_2022,Journal Article,True,True,,False,False,,
harding_marine_2022,Journal Article,True,True,Kadavu,False,False,verified,
turner_declining_2007,Journal Article,True,True,Lau,False,False,verified,
mangubhai_fiji_2019,Book Chapter,True,False,,False,False,verified,verified Fiji rows exist but no province recorded
jenkins_hippichthys_2010,Journal Article,True,False,,False,False,,
barrington_improving_2016,Journal Article,True,True,,False,False,,
brewer_role_2023,Journal Article,True,False,,False,False,,
loganimoce_octopuses_2023,Journal Article,True,False,,False,False,,
win_tin_assessing_2022,Journal Article,True,True,,False,False,,
aporosa_kava_2020,Journal Article,True,True,,False,False,,
oman_professional_2009,Journal Article,True,False,,False,False,,
thow_food_2022,Journal Article,True,True,,False,False,,
wilson_respiratory_2008,Journal Article,True,True,,False,False,,
win_tin_baseline_2020,Journal Article,True,True,,False,False,,
sakai_insecurity_2015,Journal Article,True,True,,False,False,,
davis_isolation_2002,Journal Article,True,True,,False,False,,
piovano_diet_2020,Journal Article,True,True,Bua; Lomaiviti,False,False,verified,
marama_grouper_2024,Journal Article,True,True,Kadavu,False,False,verified,
knapman_indigenous_1976,Journal Article,True,False,,False,False,,
prince_spawning_2021,Journal Article,True,True,,False,False,verified,verified Fiji rows exist but no province recorded
glaus_characteristics_2024,Journal Article,True,False,,False,False,,
robertson_locally_2020,Journal Article,True,True,Kadavu,False,False,verified,
phillips_nutrition_2021,Journal Article,True,True,,False,False,,
thomas_why_2021,Journal Article,True,True,,False,False,,
morrison_freshwater_2009,Book Chapter,True,False,,False,False,,
oman_specialist_2009,Journal Article,True,False,,False,False,,
thow_protecting_2023,Journal Article,True,True,,False,False,,
adhikari_assessment_2024,Journal Article,True,True,,False,False,,
elliott_watered_2024,Journal Article,True,True,,False,False,,
mangubhai_contributions_2020,Journal Article,True,False,,False,False,,
lee_effects_2018,Journal Article,True,False,,False,False,,
ravuvu_governing_2018,PhD Thesis,True,True,,False,False,,legacy Tagged Fiji? = Yes but no Research Geography row
sayes_cakaudrove_1982,PhD Thesis,True,False,,False,False,,
nainoca_influence_2011,PhD Thesis,True,True,Rewa; Bua; Tailevu,False,False,verified,
leweniqila_na_2022,PhD Thesis,True,True,Ra,False,False,verified,
sibley_relationship_2010,PhD Thesis,True,False,,False,False,,
meo-sewabu_tu_2015,PhD Thesis,True,True,Lau,False,False,verified,
gavidi_oral_2013,PhD Thesis,True,True,,False,False,,legacy Tagged Fiji? = Yes but no Research Geography row
degei_challenge_2007,Master's Thesis,True,True,,False,False,,
likuseniuwa_study_1999,Master's Thesis,True,True,Fiji - no province specified,True,False,verified,
kuridrani_socio-cultural_2013,PhD Thesis,True,True,,False,False,,legacy Tagged Fiji? = Yes but no Research Geography row
kuilamu_operationalising_2012,Master's Thesis,True,True,,False,False,verified,verified Fiji rows exist but no province recorded
koroi_reassessment_2018,Master's Thesis,True,True,Rewa,False,False,verified,
gonelevu_critical_2006,Master's Thesis,True,True,,False,False,,legacy Tagged Fiji? = Yes but no Research Geography row
duaibe_human_2008,Master's Thesis,True,True,Serua; Namosi,False,False,verified,
driu_smart_2023,Master's Thesis,True,True,,False,False,,legacy Tagged Fiji? = Yes but no Research Geography row
loco_hydrogeology_2011,PhD Thesis,True,True,,False,False,verified,verified Fiji rows exist but no province recorded
kuruyawa_women_2011,Master's Thesis,True,True,Rewa,False,False,verified,
koto_coping_2008,Master's Thesis,True,True,,False,False,verified,verified Fiji rows exist but no province recorded
qalubau_lauan_2020,Master's Thesis,True,True,Lomaiviti; Lau,False,False,verified,
narawa_indigenous_2024,PhD Thesis,True,True,,False,False,,legacy Tagged Fiji? = Yes but no Research Geography row
nailevu_negotiating_2017,Master's Thesis,True,True,,False,False,,legacy Tagged Fiji? = Yes but no Research Geography row
movono_na_2017,PhD Thesis,True,True,Nadroga/Navosa,False,False,verified,
mateiviti-tulavu_connecting_2013,PhD Thesis,True,True,Fiji - no province specified,True,False,verified,
ranadi_transferability_2017,Master's Thesis,True,False,,False,False,,
naisele_climate_2023,PhD Thesis,True,True,Tailevu,False,False,verified,
movono_tourisms_2012,Master's Thesis,True,True,Nadroga/Navosa,False,False,verified,
matatolu_na_2020,Conference Paper,False,True,,False,False,,dropped: publication type 'Conference Paper' not in C2 include-set; legacy Tagged Fiji? = Yes but no Research Geography row
sale-mario_combined_2001,Master's Thesis,True,True,,False,False,verified,verified Fiji rows exist but no province recorded
rotuivaqali_accountability_2012,Master's Thesis,True,True,Lau; Namosi,False,False,verified,
ratumaitavuki_case_1981,Master's Thesis,True,True,,False,False,,legacy Tagged Fiji? = Yes but no Research Geography row
ratubulewa_impact_2012,Master's Thesis,True,True,,False,False,,legacy Tagged Fiji? = Yes but no Research Geography row
rarokolutu_multi-hazard_2022,Master's Thesis,True,True,,False,False,,legacy Tagged Fiji? = Yes but no Research Geography row
qasenivalu_role_2008,Master's Thesis,True,True,,False,False,,legacy Tagged Fiji? = Yes but no Research Geography row
tagicakibau_effect_2017,Master's Thesis,True,True,,False,False,,legacy Tagged Fiji? = Yes but no Research Geography row
savou_agronomy_2022,Master's Thesis,True,True,,False,False,,legacy Tagged Fiji? = Yes but no Research Geography row
ravulo-leweniqila_effectiveness_2019,Master's Thesis,True,True,,False,False,,legacy Tagged Fiji? = Yes but no Research Geography row
thomas_distribution_2007,Master's Thesis,True,True,,False,False,verified,verified Fiji rows exist but no province recorded
tavo_service_2012,Master's Thesis,True,True,,False,False,,
taukave_retrospective_2019,Master's Thesis,True,False,,False,False,,
tamata_studies_2007,PhD Thesis,True,True,,False,False,,legacy Tagged Fiji? = Yes but no Research Geography row
tagicakiverata_tvet_2012,PhD Thesis,True,True,,False,False,verified,verified Fiji rows exist but no province recorded
simpson_acoustic_2015,Master's Thesis,True,True,,False,False,verified,verified Fiji rows exist but no province recorded
siga_integrating_2024,PhD Thesis,True,True,,False,False,,legacy Tagged Fiji? = Yes but no Research Geography row
tora_role_2024,Master's Thesis,True,True,,False,False,,legacy Tagged Fiji? = Yes but no Research Geography row
tokalauvere-veileqe_application_2007,Master's Thesis,True,True,,False,False,verified,verified Fiji rows exist but no province recorded
tavola_secondary_1990,PhD Thesis,True,False,,False,False,,legacy Tagged Fiji? = Yes but no Research Geography row
tuibeqa_framework_2015,PhD Thesis,True,True,,False,False,,legacy Tagged Fiji? = Yes but no Research Geography row
waqa_systems_2018,PhD Thesis,True,False,,False,False,,legacy Tagged Fiji? = Yes but no Research Geography row
vuniivi_predictive_2024,Master's Thesis,True,True,,False,False,,legacy Tagged Fiji? = Yes but no Research Geography row
vatukela_correlation_2013,Master's Thesis,True,True,,False,False,,legacy Tagged Fiji? = Yes but no Research Geography row
vada_diversification_2015,Master's Thesis,True,True,,False,False,,legacy Tagged Fiji? = Yes but no Research Geography row
tuvuki_analysis_1995,Master's Thesis,True,True,,False,False,verified,verified Fiji rows exist but no province recorded
tuvuki_outside_1999,Master's Thesis,True,False,,False,False,,legacy Tagged Fiji? = Yes but no Research Geography row
yabaki_womens_2006,PhD Thesis,True,True,,False,False,,legacy Tagged Fiji? = Yes but no Research Geography row
whippy_comparison_2023,Master's Thesis,True,True,,False,False,verified,verified Fiji rows exist but no province recorded
currenti_adaptation_2018,PhD Thesis,True,False,,False,False,,
young_pathways_1998,PhD Thesis,True,False,,False,False,,
koroa_o_1997,PhD Thesis,True,False,,False,False,,
vunibola_e_2020,PhD Thesis,True,True,,False,False,verified,verified Fiji rows exist but no province recorded
fong-lomavatu_postharvest_2018,PhD Thesis,True,True,,False,False,,legacy Tagged Fiji? = Yes but no Research Geography row
fong_community-based_2006,Master's Thesis,True,True,,False,False,verified,verified Fiji rows exist but no province recorded
samisoni_factors_2008,PhD Thesis,True,True,,False,False,,legacy Tagged Fiji? = Yes but no Research Geography row
lagi_na_2015,PhD Thesis,True,True,Lomaiviti,False,False,verified,
vave_indigenous_2021,PhD Thesis,True,True,,False,False,verified,verified Fiji rows exist but no province recorded
vave_coral_2005,Master's Thesis,True,True,,False,False,,
raisele_revitalizing_2021,Master's Thesis,True,True,,False,False,,
meo_study_2003,Master's Thesis,True,True,,False,False,,legacy Tagged Fiji? = Yes but no Research Geography row
tamata_phonological_1994,Master's Thesis,True,True,,False,False,,legacy Tagged Fiji? = Yes but no Research Geography row
tamata_glottal_2007,PhD Thesis,True,True,,False,False,,legacy Tagged Fiji? = Yes but no Research Geography row
nabobo-baba_vugalei_2005,PhD Thesis,True,True,Tailevu,False,False,verified,
rokolekutu_interrogating_2017,PhD Thesis,True,True,,False,False,,
veitayaki_realities_2000,PhD Thesis,True,True,,False,False,,legacy Tagged Fiji? = Yes but no Research Geography row
ratuniata_quantifying_2012,Master's Thesis,True,True,,False,False,verified,verified Fiji rows exist but no province recorded
vunidilo_indigeneity_2010,Master's Thesis,True,True,,False,False,,legacy Tagged Fiji? = Yes but no Research Geography row
korovulavula_significance_2013,PhD Thesis,True,True,,False,False,,legacy Tagged Fiji? = Yes but no Research Geography row
vunidilo_i_2015,PhD Thesis,True,True,,False,False,,legacy Tagged Fiji? = Yes but no Research Geography row
tawake_human_2004,Master's Thesis,True,True,,False,False,verified,verified Fiji rows exist but no province recorded
tabakei_retrospective_2019,Master's Thesis,True,True,,False,False,,
tokasaya_sponge-associated_2010,Master's Thesis,True,True,,False,False,,
taga_development_2016,PhD Thesis,True,True,,False,False,,
maiono_fifty_2023,PhD Thesis,True,True,Fiji - no province specified,True,False,verified,
delaibatiki_knowledge_2016,PhD Thesis,True,True,,False,False,,legacy Tagged Fiji? = Yes but no Research Geography row
loganimoce_assessing_2017,Master's Thesis,True,True,Kadavu,False,False,verified,
loki_spatial_2020,Master's Thesis,True,True,Ba; Rewa,False,False,verified,
mcdavid_how_2015,Master's Thesis,True,False,Bua,False,False,verified,
oconnor_tiko_2018,PhD Thesis,True,False,,False,False,,
tokavou_vulnerability_2016,Master's Thesis,True,True,,False,False,verified,verified Fiji rows exist but no province recorded
wendt_applying_2013,Master's Thesis,True,False,,False,False,verified,verified Fiji rows exist but no province recorded
sumaila_subsection_2026,Book Chapter,True,True,,False,False,,
breckwoldt_cultural_2026,Journal Article,True,True,,False,False,,
armitage_subsection_2026,Book Chapter,True,True,,False,False,,
qalo_small_1997,Report,True,False,,False,False,,
cokanasiga_codifying_2018,Journal Article,True,False,,False,False,,
elrick-barr_tradition_2026,Journal Article,True,True,,False,False,,
wainiqolo_hybrid_2026,Journal Article,True,True,Namosi,False,False,verified,
singh-peterson_barriers_2018,Journal Article,True,False,,False,False,,
baleisomi_fijian_2025,Journal Article,True,False,,False,False,,
ordonez-ponce_indigenous_2026,Journal Article,True,True,Namosi,False,False,verified,
krishna_8_2009,Master's Thesis,True,False,,False,False,,
tupuna_5_2011,Master's Thesis,True,False,,False,False,,
gusmao_dos_santos_5_2014,Master's Thesis,True,False,,False,False,,
biribo_baseline_2011,Master's Thesis,True,False,,False,False,,
rokocakau_clinical_2012,Master's Thesis,True,True,,False,False,,
koraai_clinico-_2018,Master's Thesis,True,False,,False,False,,
ali_comparison_2013,Master's Thesis,True,False,,False,False,,
vakamocea_critical_2009,Other Thesis,False,True,,False,False,,dropped: publication type 'Other Thesis' not in C2 include-set
gali_cross-sectional_2017,Master's Thesis,True,False,,False,False,,
rageci_descriptive_2018,Master's Thesis,True,False,,False,False,,
nand_descriptive_2014,Master's Thesis,True,False,,False,False,,
goneyali_pilot_2011,Master's Thesis,True,True,,False,False,,
volavola_prospective_2019,Master's Thesis,True,True,,False,False,,
mandavah_prospective_2012,Master's Thesis,True,False,,False,False,,
sakumeni_retrospective_2013,Master's Thesis,True,True,,False,False,,
prasad_retrospective_2019,Master's Thesis,True,False,,False,False,,
tabuaniqili_retrospective_2019,Master's Thesis,True,True,,False,False,,
nagra_retrospective_2012,Master's Thesis,True,False,,False,False,,
veu_retrospective_2009,Master's Thesis,True,False,,False,False,,
qereqeretabua_retrospective_2017,Master's Thesis,True,True,,False,False,,
tuungafasi_retrospective_2017,Master's Thesis,True,True,,False,False,,
thaggard_review_2018,Master's Thesis,True,False,,False,False,,
posala_study_2012,Master's Thesis,True,False,,False,False,,
henry_acute_2009,Master's Thesis,True,False,,False,False,,
meone-maefiti_acute_2020,Master's Thesis,True,False,,False,False,,
sharma_acute_2012,Master's Thesis,True,False,,False,False,,
voceduadua_adequacy_2009,Master's Thesis,True,True,,False,False,,legacy Tagged Fiji? = Yes but no Research Geography row
sharma_adverse_2018,Master's Thesis,True,False,,False,False,,
matanaicake_jnr_ameloblastoma_2011,Master's Thesis,True,True,,False,False,,
kumar_amoebic_2009,PhD Thesis,True,False,,False,False,,
fong_al1alysis_2009,PhD Thesis,True,False,,False,False,,
anigafutu_audit_2006,Master's Thesis,True,False,,False,False,,
beiatau_audit_2013,Master's Thesis,True,False,,False,False,,
perman_audit_2011,Master's Thesis,True,False,,False,False,,
nasedra_anaesthesia_2005,Master's Thesis,True,True,,False,False,,
krishna_analytical_2009,PhD Thesis,True,False,,False,False,,
kumar_bali_angiographic_2014,Master's Thesis,True,False,,False,False,,
natuman_antenatal_2014,Master's Thesis,True,False,,False,False,,
onisimo_assessing_2016,Master's Thesis,True,False,,False,False,,
charan_assessment_2018,Master's Thesis,True,False,,False,False,,
itaki_assessment_2022,Master's Thesis,True,False,,False,False,,
pikacha_audit_2013,Master's Thesis,True,False,,False,False,,
nasila_audit_2011,Master's Thesis,True,True,,False,False,,
naqasima_audit_2013,Master's Thesis,True,True,,False,False,,
singh_audit_2019,Master's Thesis,True,False,,False,False,,
sharma_audit_nodate,PhD Thesis,True,False,,False,False,,
ligairi_barriers_2020,Master's Thesis,True,True,,False,False,,
kumar_blood_2009,PhD Thesis,True,False,,False,False,,
turaga_brain_2009,Other Thesis,False,True,,False,False,,dropped: publication type 'Other Thesis' not in C2 include-set
seru_case_2009,Other Thesis,False,True,,False,False,,dropped: publication type 'Other Thesis' not in C2 include-set
namedre_case_2009,Other Thesis,False,True,,False,False,,dropped: publication type 'Other Thesis' not in C2 include-set
likiaksa_case_2009,PhD Thesis,True,False,,False,False,,
fong_case_2009,PhD Thesis,True,False,,False,False,,
prasad_case_2009,PhD Thesis,True,False,,False,False,,
tabuaniqili_case_2009,Other Thesis,False,True,,False,False,,dropped: publication type 'Other Thesis' not in C2 include-set
yip_case_2009,PhD Thesis,True,False,,False,False,,
prasad_case_2009-1,PhD Thesis,True,False,,False,False,,
guevara_case_2009,PhD Thesis,True,False,,False,False,,
tabua_case_2009,Other Thesis,False,True,,False,False,,dropped: publication type 'Other Thesis' not in C2 include-set; legacy Tagged Fiji? = Yes but no Research Geography row
likiaksa_chemotherapy_2009,PhD Thesis,True,False,,False,False,,
naqasima_comparing_2011,Master's Thesis,True,True,,False,False,,
vakamocea_comparing_2019,Master's Thesis,True,True,,False,False,,
raj_complinace_2018,Master's Thesis,True,False,,False,False,,
brook_congenital_2012,Master's Thesis,True,False,,False,False,,
sharma_descriptive_2020,Master's Thesis,True,False,,False,False,,
seru_descriptive_2018,Master's Thesis,True,True,,False,False,,
murti_raj_difference_2019,Master's Thesis,True,False,,False,False,,
mekoll_does_2005,Master's Thesis,True,False,,False,False,,
kumar_drug_2018,PhD Thesis,True,False,,False,False,,
atalifo_efficacy_2019,Master's Thesis,True,False,,False,False,,
mataka_th_latu_end_2020,Master's Thesis,True,False,,False,False,,
leona_endoscopic_2007,Master's Thesis,True,False,,False,False,,
fuatau_epidemiology_2019,Master's Thesis,True,False,,False,False,,legacy Tagged Fiji? = Yes but no Research Geography row
rodgers_evaluation_2014,Master's Thesis,True,False,,False,False,,
mua_evaluation_2008,Master's Thesis,True,True,,False,False,,
detabene_factors_2021,Master's Thesis,True,False,,False,False,,
wore_factors_2009,Master's Thesis,True,False,,False,False,,
taufa_factors_2021,Master's Thesis,True,False,,False,False,,
kumar_factors_2018,Master's Thesis,True,False,,False,False,,
kumar_haemodialysis_2018,Master's Thesis,True,False,,False,False,,
raqasia_hereditary_2009,Other Thesis,False,True,,False,False,,dropped: publication type 'Other Thesis' not in C2 include-set
nand_how_2008,PhD Thesis,True,False,,False,False,,
sappa_how_2009,PhD Thesis,True,False,,False,False,,
baleinamau_hyperosmolar_2011,Other Thesis,False,True,,False,False,,dropped: publication type 'Other Thesis' not in C2 include-set
chadwick_incidence_2020,Master's Thesis,True,False,,False,False,,
pitakoe_incidence_2018,Master's Thesis,True,False,,False,False,,
lal_indications_2009,PhD Thesis,True,False,,False,False,,
sese-singh_inpatient_2019,Master's Thesis,True,False,,False,False,,
kalougivaki_investigation_2019,Master's Thesis,True,False,,False,False,,legacy Tagged Fiji? = Yes but no Research Geography row
devi_knowledge_2018,PhD Thesis,True,False,,False,False,,
zibran_knowledge_2018,Master's Thesis,True,False,,False,False,,
namedre_knowledge_2018,Master's Thesis,True,True,,False,False,,
hilton_lautoka_2009,Master's Thesis,True,False,,False,False,,
dewhirst_liver_2004,PhD Thesis,True,False,,False,False,,
hansell_long_2010,Master's Thesis,True,False,,False,False,,
pinau_lymphoma_2020,Master's Thesis,True,False,,False,False,,
mainaz_medical_2009,PhD Thesis,True,False,,False,False,,
tupou_medical_2009,Master's Thesis,True,False,,False,False,,
chang_morbidity_2013,Master's Thesis,True,False,,False,False,,
leepo_mortality_2012,Master's Thesis,True,False,,False,False,,
madhukar_d_mortality_2019,Master's Thesis,True,False,,False,False,,
chand_mrsa_2009,PhD Thesis,True,False,,False,False,,
naidu_multi-centre_2019,Master's Thesis,True,False,,False,False,,
manueli_observational_2011,Master's Thesis,True,False,,False,False,,
prasad_oral_2009,Master's Thesis,True,False,,False,False,,
melly_out-_2020,Master's Thesis,True,False,,False,False,,
marchesa_ly_outcome_2019,Master's Thesis,True,False,,False,False,,
poloso_outcome_2019,Master's Thesis,True,False,,False,False,,
hansell_outcomes_2012,Master's Thesis,True,False,,False,False,,
krishna_patients_2019,Master's Thesis,True,False,,False,False,,
aiyub_pattern_2012,Master's Thesis,True,False,,False,False,,
tuke_perioperative_2005,Master's Thesis,True,False,,False,False,,
tuunagafasi_perioperative_2020,Master's Thesis,True,False,,False,False,,
de_araujo_piloting_2011,Master's Thesis,True,False,,False,False,,
prasad_predictors_2018,Master's Thesis,True,False,,False,False,,
corcoran_prevalence_2020,Master's Thesis,True,False,,False,False,,
ketenilagi_propofol_2009,Other Thesis,False,True,,False,False,,dropped: publication type 'Other Thesis' not in C2 include-set
mee_wah_young_prospective_2019,Master's Thesis,True,False,,False,False,,
balenamau_randomized_2009,Other Thesis,False,True,,False,False,,dropped: publication type 'Other Thesis' not in C2 include-set
biribo_reflections_2011,Master's Thesis,True,False,,False,False,,
lal_relationship_2008,PhD Thesis,True,False,,False,False,,
fakauka_retrospective_2013,Master's Thesis,True,False,,False,False,,
kapoor_retrospective_2018,Master's Thesis,True,False,,False,False,,
piukala_review_2009,Master's Thesis,True,False,,False,False,,
turagakacivi_review_2018,Other Thesis,False,True,,False,False,,dropped: publication type 'Other Thesis' not in C2 include-set; legacy Tagged Fiji? = Yes but no Research Geography row
brook_rheumatic_2012,Master's Thesis,True,False,,False,False,,
lawanivalu_seroprevalence_2018,Master's Thesis,True,True,,False,False,,
yip_stenting_2009,PhD Thesis,True,False,,False,False,,
tailor_susceptibility_2019,Master's Thesis,True,False,,False,False,,
matiaka_budern_2010,Master's Thesis,True,True,,False,False,,legacy Tagged Fiji? = Yes but no Research Geography row
fulivai_burden_2018,Master's Thesis,True,False,,False,False,,
vakauta_descriptive_2018,Master's Thesis,True,True,,False,False,,
mataka_effectiveness_2018,Master's Thesis,True,False,,False,False,,
cati_impact_2013,Master's Thesis,True,True,,False,False,,
matoto_level_2008,Master's Thesis,True,True,,False,False,,
navunisaravi_pitfalls_2011,Master's Thesis,True,True,,False,False,,
naidu_prevalence_2013,Master's Thesis,True,False,,False,False,,
taukave_prosthetic_2018,Master's Thesis,True,False,,False,False,,
toukoune_use_2016,Master's Thesis,True,False,,False,False,,
senlliri_thromolytis_2014,Master's Thesis,True,True,,False,False,,
vakamocea_upper_2009,Other Thesis,False,True,,False,False,,dropped: publication type 'Other Thesis' not in C2 include-set
singh_urinary_2011,Master's Thesis,True,False,,False,False,,
leodora_use_2012,Master's Thesis,True,False,,False,False,,
abramson_culture_1993,PhD Thesis,True,False,,False,False,,
achary_lifeworld_1991,Master's Thesis,True,False,,False,False,,
ali_fiji_1974,Master's Thesis,True,False,,False,False,,
ali_polyculture_1986,Master's Thesis,True,False,,False,False,,
ali_studies_1978,Master's Thesis,True,False,,False,False,,
ali_social_2012,Master's Thesis,True,False,,False,False,,
ali_challenges_2004,PhD Thesis,True,False,,False,False,,
alifereti_investigation_2007,Master's Thesis,True,True,,False,False,,legacy Tagged Fiji? = Yes but no Research Geography row
amoto-ali_strategic_1998,PhD Thesis,True,False,,False,False,,
anantharajah_climate_2023,PhD Thesis,True,False,,False,False,,legacy Tagged Fiji? = Yes but no Research Geography row
anderson_identity_2004,Master's Thesis,True,False,,False,False,,
aporosa_yaqona_2006,Master's Thesis,True,True,,False,False,,legacy Tagged Fiji? = Yes but no Research Geography row
aporosa_yaqona_2013,PhD Thesis,True,True,,False,False,,legacy Tagged Fiji? = Yes but no Research Geography row
appana_abundance_2001,Master's Thesis,True,False,,False,False,,
armstrong_seismic_1993,PhD Thesis,True,False,,False,False,,
ashwini_competitiveness_2005,Master's Thesis,True,False,,False,False,,
astwood_role_2015,Master's Thesis,True,False,,False,False,,
auger-andrews_human_1995,Master's Thesis,True,False,,False,False,,
ba_wai-magiti_1993,Master's Thesis,True,True,,False,False,verified,verified Fiji rows exist but no province recorded
bahadur_strategic_1997,Master's Thesis,True,False,,False,False,,
bakalevu_fijian_1998,PhD Thesis,True,True,,False,False,,legacy Tagged Fiji? = Yes but no Research Geography row
bala_post-larval_2008,Master's Thesis,True,False,,False,False,,
becker_body_1990,PhD Thesis,True,False,,False,False,,
beckon_patterns_1990,PhD Thesis,True,False,,False,False,,
beeftink_perceptions_2004,Master's Thesis,True,False,,False,False,,
begg_housing_2017,PhD Thesis,True,False,,False,False,,
ben_framework_2015,PhD Thesis,True,False,,False,False,,
berndorff_spiritual_2026,PhD Thesis,True,False,,False,False,,
best_lakeba_1984,PhD Thesis,True,False,,False,False,,legacy Tagged Fiji? = Yes but no Research Geography row
bijay_ethanol_2013,Master's Thesis,True,False,,False,False,,
bilimoria_preliminary_1987,Master's Thesis,True,False,,False,False,,
bilimoria_evolution_2010,PhD Thesis,True,False,,False,False,,
billington_morphology_1980,PhD Thesis,True,False,,False,False,,
black_sere_2010,PhD Thesis,True,False,,False,False,,
bonato_chemical_1997,PhD Thesis,True,False,,False,False,,
boseto_diversity_2006,Master's Thesis,True,False,,False,False,,
bowman_anisotropy_1985,PhD Thesis,True,False,,False,False,,
boyle_sea_1998,Master's Thesis,True,False,,False,False,,
boyles_iwrm_2008,Master's Thesis,True,False,,False,False,,
britton_tourism_1979,PhD Thesis,True,False,,False,False,,
brown_coolie_1978,PhD Thesis,True,False,,False,False,,
brown_scalloped_2014,PhD Thesis,True,False,,False,False,,
buatava_contribution_1988,Master's Thesis,True,True,,False,False,,legacy Tagged Fiji? = Yes but no Research Geography row
burns_coconuts_1996,Master's Thesis,True,False,,False,False,,
calamia_expressions_2003,PhD Thesis,True,False,,False,False,,legacy Tagged Fiji? = Yes but no Research Geography row
carling_maximising_2009,Master's Thesis,True,False,,False,False,,legacy Tagged Fiji? = Yes but no Research Geography row
carswell_cane_2000,PhD Thesis,True,False,,False,False,,
cavuilati_urban_2017,Master's Thesis,True,True,,False,False,verified,verified Fiji rows exist but no province recorded
chand_worker_1988,Master's Thesis,True,False,,False,False,,
chand_wind_2008,Master's Thesis,True,False,,False,False,,
chand_competition_1997,PhD Thesis,True,False,,False,False,,
chand_performance_1999,Master's Thesis,True,False,,False,False,,
chand_impact_2014,PhD Thesis,True,False,,False,False,,
chand_relevance_2003,Master's Thesis,True,False,,False,False,,
chand_identifying_2010,Master's Thesis,True,False,,False,False,,
chand_screening_2016,Master's Thesis,True,False,,False,False,,
chand_whitefly_2016,Master's Thesis,True,False,,False,False,,
chand_exploratory_2011,Master's Thesis,True,False,,False,False,,
chand_variability_2005,Master's Thesis,True,False,,False,False,,
chand_analysis_2016,Master's Thesis,True,False,,False,False,,
chand_returns_1999,Master's Thesis,True,False,,False,False,,
chand_language_2015,PhD Thesis,True,False,,False,False,,
chandra_marketing_2012,PhD Thesis,True,False,,False,False,,
chandra_food_1979,Master's Thesis,True,False,,False,False,,
chandra_industrialization_1985,PhD Thesis,True,False,,False,False,,
chandra_recent_1999,Master's Thesis,True,False,,False,False,,
chandra_exploratory_2009,Master's Thesis,True,False,,False,False,,
chandra_contraceptive_1979,Master's Thesis,True,False,,False,False,,
chandra_chemical_1986,Master's Thesis,True,False,,False,False,,
chao_socio-cultural_1980,PhD Thesis,True,False,,False,False,,
chattier_gender_2008,PhD Thesis,True,False,,False,False,,
chetty_study_2007,Master's Thesis,True,False,,False,False,,
child_no_2016,Master's Thesis,True,False,,False,False,,
choy_biology_1981,Master's Thesis,True,False,,False,False,,
chung_structural_1987,Master's Thesis,True,False,,False,False,,
chung_politics_1991,PhD Thesis,True,False,,False,False,,
clements_assessing_2010,Master's Thesis,True,False,,False,False,,
clery_hamari_2008,Master's Thesis,True,False,,False,False,,
cocom_inquiry_2015,Master's Thesis,True,False,,False,False,,
cokanasiga_quality_1993,PhD Thesis,True,True,,False,False,,legacy Tagged Fiji? = Yes but no Research Geography row
craddock_rotuma_1985,Master's Thesis,True,False,,False,False,,
cranfield_history_1973,Master's Thesis,True,False,,False,False,,
crosby_beqa_1988,Master's Thesis,True,False,,False,False,,
cuevas_knowledge_2017,PhD Thesis,True,False,,False,False,,
cutt_rural_1992,Master's Thesis,True,False,,False,False,,
dakuidreketi_factors_1995,Master's Thesis,True,True,,False,False,,legacy Tagged Fiji? = Yes but no Research Geography row
daley_communalism_1996,PhD Thesis,True,False,,False,False,,
daurewa_radical_2013,Master's Thesis,True,True,,False,False,,legacy Tagged Fiji? = Yes but no Research Geography row
dayal_teachers_2010,Master's Thesis,True,False,,False,False,,
dayal_teachers_2017,PhD Thesis,True,False,,False,False,,
de_barcza_art_1988,PhD Thesis,True,False,,False,False,,
de_biran_holocene_2001,PhD Thesis,True,False,,False,False,,
dean_smallholder_2019,PhD Thesis,True,False,,False,False,,
deo_study_2000,Master's Thesis,True,False,,False,False,,
deo_concentrations_2004,Master's Thesis,True,False,,False,False,,
deoki_statistical_1987,Master's Thesis,True,False,,False,False,,
deverell_models_1986,PhD Thesis,True,False,,False,False,,
devi_examining_2012,Master's Thesis,True,False,,False,False,,
devi_culture_2011,PhD Thesis,True,False,,False,False,,
devi_comprehensive_2016,PhD Thesis,True,False,,False,False,,
devi_marketing_2011,PhD Thesis,True,False,,False,False,,
devi_comparison_2015,PhD Thesis,True,False,,False,False,,
devi_assessment_2016,Master's Thesis,True,False,,False,False,,
devi_folate_2007,Master's Thesis,True,False,,False,False,,
dolcy_linkages_2015,Master's Thesis,True,False,,False,False,,
duaibe_problems_2017,Master's Thesis,True,True,Naitasiri,False,False,verified,
durutalo_provincialism_1997,Master's Thesis,True,True,,False,False,verified,verified Fiji rows exist but no province recorded
durutalo_internal_1985,Master's Thesis,True,True,,False,False,,legacy Tagged Fiji? = Yes but no Research Geography row
dutt_fijis_2011,Master's Thesis,True,False,,False,False,,
dutt_gender_1999,Master's Thesis,True,False,,False,False,,
dutt_study_2001,Master's Thesis,True,False,,False,False,,
eaton_directed_1988,PhD Thesis,True,False,,False,False,,
emde_between_2007,PhD Thesis,True,False,,False,False,,
etuati_aekaia_2011,Master's Thesis,True,False,,False,False,,legacy Tagged Fiji? = Yes but no Research Geography row
evening_exploration_1998,PhD Thesis,True,False,,False,False,,
fa_customary_1989,PhD Thesis,True,False,,False,False,,legacy Tagged Fiji? = Yes but no Research Geography row
faktaufon_applied_2024,PhD Thesis,True,False,,False,False,,legacy Tagged Fiji? = Yes but no Research Geography row
farrelly_business_2009,PhD Thesis,True,False,,False,False,,
fay_involvement_2001,Master's Thesis,True,False,,False,False,,
fernando_responses_1996,Master's Thesis,True,False,,False,False,,
feussner_survey_2012,Master's Thesis,True,False,,False,False,,
fiebig_aspects_1991,Master's Thesis,True,False,,False,False,,
field_evolution_2003,PhD Thesis,True,False,,False,False,,legacy Tagged Fiji? = Yes but no Research Geography row
field_nzoda_1996,PhD Thesis,True,False,,False,False,,
finekaso_stress_2016,PhD Thesis,True,False,,False,False,,legacy Tagged Fiji? = Yes but no Research Geography row
fisher_socio-economic_2000,PhD Thesis,True,False,,False,False,,legacy Tagged Fiji? = Yes but no Research Geography row
fishman-kornblith_effects_1983,PhD Thesis,True,False,,False,False,,legacy Tagged Fiji? = Yes but no Research Geography row
foreman_structural_1973,Master's Thesis,True,False,,False,False,,
fox_english_2003,Master's Thesis,True,False,,False,False,,
francis_rise_1977,PhD Thesis,True,False,,False,False,,
francis_tourism_1997,Master's Thesis,True,False,,False,False,,
fujioka-kern_effect_1994,Master's Thesis,True,False,,False,False,,
fuller_conservation_1997,Master's Thesis,True,False,,False,False,,
fulmer_symbols_1996,Master's Thesis,True,False,,False,False,,
gagaeolo_assessing_2014,Master's Thesis,True,False,,False,False,,
gangaram_investigation_2000,Master's Thesis,True,False,,False,False,,
gawander_effect_1997,Master's Thesis,True,False,,False,False,,
george_situating_2006,PhD Thesis,True,False,,False,False,,
gibson_living_2013,PhD Thesis,True,False,,False,False,,
gill_health_1988,PhD Thesis,True,False,,False,False,,
gilliard_sedimentary_1971,Master's Thesis,True,False,,False,False,,
gonelevu_containment_2015,Master's Thesis,True,False,,False,False,,legacy Tagged Fiji? = Yes but no Research Geography row
good_fijian_1978,Master's Thesis,True,False,,False,False,,
gosai_wind_2014,Master's Thesis,True,False,,False,False,,
goundar_tidal_2012,Master's Thesis,True,False,,False,False,,
goundar_phosphorus_2013,Master's Thesis,True,False,,False,False,,
goundar_critical_2007,Master's Thesis,True,False,,False,False,,
gounder_child_2000,Master's Thesis,True,False,,False,False,,
gounder_foreign_2007,Master's Thesis,True,False,,False,False,,
gounder_reproductive_1995,Master's Thesis,True,False,,False,False,,
guinea_aspects_1986,Master's Thesis,True,False,,False,False,,
hailey_indigenous_1990,PhD Thesis,True,False,,False,False,,
halapua_study_1993,Master's Thesis,True,False,,False,False,,
halapua_role_2002,PhD Thesis,True,False,,False,False,,
halunen_tectonic_1979,Master's Thesis,True,False,,False,False,,
hamburger_seismicity_1986,PhD Thesis,True,False,,False,False,,
hanson_population_2017,Master's Thesis,True,False,,False,False,,
hardjoprawiro_photogeology_1980,Master's Thesis,True,False,,False,False,,
harrington_seams_1998,PhD Thesis,True,False,,False,False,,
harrison_organochlorine_1994,Master's Thesis,True,False,,False,False,,
hassan_vertical_2003,Master's Thesis,True,False,,False,False,,
hassan_sustainable_2014,PhD Thesis,True,False,,False,False,,
hathway_eocene_1988,PhD Thesis,True,False,,False,False,,
heath_matai_1987,PhD Thesis,True,False,,False,False,,
heeraman_referral_1997,Master's Thesis,True,False,,False,False,,
hereniko_english_1982,PhD Thesis,True,False,,False,False,,legacy Tagged Fiji? = Yes but no Research Geography row
hermanson_tuning_2007,Master's Thesis,True,False,,False,False,,
hindson_education_1985,PhD Thesis,True,False,,False,False,,
hoar_relationships_2004,PhD Thesis,True,False,,False,False,,legacy Tagged Fiji? = Yes but no Research Geography row
hoare_building_2008,PhD Thesis,True,False,,False,False,,
hodge_development_2009,PhD Thesis,True,False,,False,False,,
holden_analysis_1999,PhD Thesis,True,False,,False,False,,legacy Tagged Fiji? = Yes but no Research Geography row
hooper_study_1982,PhD Thesis,True,False,,False,False,,
horscroft_politics_2002,PhD Thesis,True,False,,False,False,,
howard_change_1962,PhD Thesis,True,False,,False,False,,
hussain_women_2012,Master's Thesis,True,False,,False,False,,
ingram_indigenous_1990,PhD Thesis,True,False,,False,False,,
janif_assessing_2014,Master's Thesis,True,False,,False,False,,
jarvis_tectonic_1991,PhD Thesis,True,False,,False,False,,legacy Tagged Fiji? = Yes but no Research Geography row
jezek_geological_1976,PhD Thesis,True,False,,False,False,,
jit_status_2007,Master's Thesis,True,False,,False,False,,
jit_effects_2008,Master's Thesis,True,False,,False,False,,
johnson_measurement_1982,PhD Thesis,True,False,,False,False,,
johnson_distribution_2006,Master's Thesis,True,False,,False,False,,
jones_fijian_2009,Master's Thesis,True,False,,False,False,,
kado_tourism_2007,Master's Thesis,True,False,,False,False,,legacy Tagged Fiji? = Yes but no Research Geography row
kaitani_bridging_2003,PhD Thesis,True,True,Rewa,False,False,verified,
kamenio_exploratory_2011,Master's Thesis,True,False,,False,False,,legacy Tagged Fiji? = Yes but no Research Geography row
kant_politics_2026,PhD Thesis,True,False,,False,False,,
kaplan_land_1988,PhD Thesis,True,False,,False,False,,
karan_studies_1971,PhD Thesis,True,False,,False,False,,
karan_public_2010,Master's Thesis,True,False,,False,False,,
karan_performance_1987,Master's Thesis,True,False,,False,False,,
kasami_spouse_2010,Master's Thesis,True,True,Fiji - no province specified,True,False,verified,
kasanawaqa_operationalising_2022,Master's Thesis,True,True,,False,False,verified,verified Fiji rows exist but no province recorded
katz_gaining_1981,PhD Thesis,True,False,,False,False,,
kaumaitotoya_use_1997,PhD Thesis,True,False,,False,False,,legacy Tagged Fiji? = Yes but no Research Geography row
kedrayate_non-formal_1996,PhD Thesis,True,True,,False,False,,legacy Tagged Fiji? = Yes but no Research Geography row
kelly_part-europeans_1966,Master's Thesis,True,False,,False,False,,
khan_ausaid_2014,Master's Thesis,True,False,,False,False,,
khan_need_2017,Master's Thesis,True,False,,False,False,,
khatri_duty_1995,Master's Thesis,True,False,,False,False,,
khatri_people_2007,Master's Thesis,True,False,,False,False,,
khatri_effect_2011,PhD Thesis,True,False,,False,False,,
kiddle_informal_2011,PhD Thesis,True,False,,False,False,,
king_burning_2004,PhD Thesis,True,False,,False,False,,
kiran_analysis_2005,Master's Thesis,True,False,,False,False,,
kirkendall_demographic_1998,PhD Thesis,True,False,,False,False,,legacy Tagged Fiji? = Yes but no Research Geography row
kishore_potential_2010,Master's Thesis,True,False,,False,False,,
klarr_painting_2005,PhD Thesis,True,False,,False,False,,legacy Tagged Fiji? = Yes but no Research Geography row
knapman_economic_1975,Master's Thesis,True,False,,False,False,,
knapman_capitalism_1983,PhD Thesis,True,False,,False,False,,
kopf_households_2016,PhD Thesis,True,False,,False,False,,
koroi_critical_1984,Master's Thesis,True,True,,False,False,,legacy Tagged Fiji? = Yes but no Research Geography row
koroi_use_2012,Master's Thesis,True,True,,False,False,,legacy Tagged Fiji? = Yes but no Research Geography row
koshy_ecological_2001,Master's Thesis,True,False,,False,False,,
kour_occurrence_2017,PhD Thesis,True,False,,False,False,,
koya-vakauta_developing_2002,Master's Thesis,True,False,,False,False,,
krishna_history_1973,Master's Thesis,True,False,,False,False,,
krishna_use_2005,PhD Thesis,True,False,,False,False,,
krishna_synoptic_1976,PhD Thesis,True,False,,False,False,,
kuhlken_agricultural_1994,PhD Thesis,True,False,,False,False,,
kumar_amplitude_2007,Master's Thesis,True,False,,False,False,,
kumar_using_2006,PhD Thesis,True,False,,False,False,,
kumar_effects_2010,Master's Thesis,True,False,,False,False,,
kumar_towards_2013,Master's Thesis,True,False,,False,False,,
kumar_human_2006,Master's Thesis,True,False,,False,False,,
kumar_response_2000,PhD Thesis,True,False,,False,False,,
kumar_definition_2000,Master's Thesis,True,False,,False,False,,
kumar_case_2005,Master's Thesis,True,False,,False,False,,
kumar_environmental_2003,Master's Thesis,True,False,,False,False,,
kumar_services_2012,PhD Thesis,True,False,,False,False,,
kumar_climatological_2014,Master's Thesis,True,False,,False,False,,
kumar_is_2013,Master's Thesis,True,False,,False,False,,
kumar_isolation_2010,Master's Thesis,True,False,,False,False,,
kumar_petrographic_2007,Master's Thesis,True,False,,False,False,,
kumar_technical_2008,Master's Thesis,True,False,,False,False,,
kumar_postharvest_2017,PhD Thesis,True,False,,False,False,,
kumar_form_1995,Master's Thesis,True,False,,False,False,,
kumar_exploring_2008,Master's Thesis,True,False,,False,False,,
kumar_non-survey_2001,Master's Thesis,True,False,,False,False,,
kumar_impacts_2014,Master's Thesis,True,False,,False,False,,
kumaran_design_1984,PhD Thesis,True,False,,False,False,,
kumari_examination_2007,Master's Thesis,True,False,,False,False,,
kumari_customer_2015,PhD Thesis,True,False,,False,False,,
kumekawa_person_1988,PhD Thesis,True,False,,False,False,,
kunabuli_education_1986,Master's Thesis,True,True,,False,False,,legacy Tagged Fiji? = Yes but no Research Geography row
lako_critical_2008,Master's Thesis,True,True,,False,False,,legacy Tagged Fiji? = Yes but no Research Geography row
lakshman_fiji_2013,PhD Thesis,True,False,,False,False,,
lal_geophysical_2016,Master's Thesis,True,False,,False,False,,
lal_study_2008,Master's Thesis,True,False,,False,False,,
lal_palaeogeography_2010,Master's Thesis,True,False,,False,False,,
lal_spawning_2012,Master's Thesis,True,False,,False,False,,
lal_conservation_1989,PhD Thesis,True,False,,False,False,,
lal_determination_2009,Master's Thesis,True,False,,False,False,,
lal_influence_2013,PhD Thesis,True,False,,False,False,,
lal_coral_2016,Master's Thesis,True,False,,False,False,,
lal_monitoring_2009,Master's Thesis,True,False,,False,False,,
lal_composing_1987,Master's Thesis,True,False,,False,False,,
larson_markets_2004,PhD Thesis,True,False,,False,False,,legacy Tagged Fiji? = Yes but no Research Geography row
lasi_age_2003,Master's Thesis,True,False,,False,False,,
lata_analyses_2007,PhD Thesis,True,False,,False,False,,
lata_composition_2016,PhD Thesis,True,False,,False,False,,
lata_means_2009,Master's Thesis,True,False,,False,False,,
lata_perceptions_2010,Master's Thesis,True,False,,False,False,,
lata_association_2014,Master's Thesis,True,False,,False,False,,
lateef_purdah_1988,PhD Thesis,True,False,,False,False,,
leba_assessment_2015,Master's Thesis,True,True,Serua,False,False,verified,
lee_music_1984,PhD Thesis,True,False,,False,False,,
lesi_determining_2009,Master's Thesis,True,True,,False,False,,legacy Tagged Fiji? = Yes but no Research Geography row
lessin_governmental_1971,PhD Thesis,True,False,,False,False,,
lesuma_investigation_1980,Master's Thesis,True,True,,False,False,,legacy Tagged Fiji? = Yes but no Research Geography row
lewatoro_effects_2017,Master's Thesis,True,True,Tailevu; Cakaudrove; Lomaiviti,False,False,verified,
leweniqila_evaluation_2013,Master's Thesis,True,True,Nadroga/Navosa,False,False,verified,
liligeto_perceptions_2001,PhD Thesis,True,False,,False,False,,
liligeto_consumer_2012,PhD Thesis,True,False,,False,False,,
lin_vanua_2015,PhD Thesis,True,False,,False,False,,
lingam_planning_1996,Master's Thesis,True,False,,False,False,,
lingam_contextual_2017,PhD Thesis,True,False,,False,False,,
lodhia_accountants_1999,Master's Thesis,True,False,,False,False,,
logavatu_study_2002,Master's Thesis,True,True,Fiji - no province specified,True,False,verified,
loumoli_economic_2014,Master's Thesis,True,False,,False,False,,
low_off-farm_1984,PhD Thesis,True,False,,False,False,,
low_foreign_1983,Master's Thesis,True,False,,False,False,,
lowry_biogeography_2016,Master's Thesis,True,False,,False,False,,
lowry_political_1990,PhD Thesis,True,False,,False,False,,
lukere_mothers_1997,PhD Thesis,True,False,,False,False,,
lumelume_impact_2007,Master's Thesis,True,True,,False,False,verified,verified Fiji rows exist but no province recorded
luvu_process_1997,Master's Thesis,True,True,,False,False,,legacy Tagged Fiji? = Yes but no Research Geography row
macanawai_policy_1998,Master's Thesis,True,True,,False,False,,legacy Tagged Fiji? = Yes but no Research Geography row
maeaba_quantitative_2016,Master's Thesis,True,False,,False,False,,
maharaj_probability_2011,PhD Thesis,True,False,,False,False,,
maharaj_human_2015,Master's Thesis,True,False,,False,False,,
maharaj_folate_2014,Master's Thesis,True,False,,False,False,,
maharaj_investigation_1995,Master's Thesis,True,False,,False,False,,
mahony_critique_1987,PhD Thesis,True,False,,False,False,,
maitava_assessing_2015,Master's Thesis,True,False,,False,False,,legacy Tagged Fiji? = Yes but no Research Geography row
mala_predicted_2001,Master's Thesis,True,False,,False,False,,
mala_perspectives_2006,Master's Thesis,True,False,,False,False,,
mala_factors_2006,Master's Thesis,True,False,,False,False,,
mamak_pluralism_1974,Master's Thesis,True,False,,False,False,,
mandal_physical_2015,PhD Thesis,True,False,,False,False,,
mani_methane_2004,Master's Thesis,True,False,,False,False,,
manning_mortality_1985,PhD Thesis,True,False,,False,False,,
manoa_regulation_2008,Master's Thesis,True,True,,False,False,,legacy Tagged Fiji? = Yes but no Research Geography row
manulevu_ecotourism_2010,Master's Thesis,True,True,,False,False,,legacy Tagged Fiji? = Yes but no Research Geography row
masumi_social_1990,PhD Thesis,True,False,,False,False,,
matadradra-dolavale_child_2013,Master's Thesis,True,True,Macuata,False,False,verified,
maybin_ecological_1989,Master's Thesis,True,False,,False,False,,
mazieres_spatial_2008,Master's Thesis,True,False,,False,False,,
mccracken_rapid_1986,Master's Thesis,True,False,,False,False,,
mcgowan_disability_1994,Master's Thesis,True,False,,False,False,,
mckinnon_examining_2016,Master's Thesis,True,False,,False,False,,
mcshane_mining_2003,PhD Thesis,True,False,,False,False,,legacy Tagged Fiji? = Yes but no Research Geography row
meheux_evaluation_2007,PhD Thesis,True,False,,False,False,,
mehta_current_2015,PhD Thesis,True,False,,False,False,,
meijden_sugar_1998,Master's Thesis,True,False,,False,False,,
metcalfe_policy_2008,Master's Thesis,True,False,,False,False,,
miller_community_2008,PhD Thesis,True,False,,False,False,,legacy Tagged Fiji? = Yes but no Research Geography row
miyamoto_potential_2016,Master's Thesis,True,False,,False,False,,
mohammed_biological_2005,Master's Thesis,True,False,,False,False,,
mohan_teachers_2015,PhD Thesis,True,False,,False,False,,
morse_feeding_1981,PhD Thesis,True,False,,False,False,,
morse_descriptive_1981,PhD Thesis,True,False,,False,False,,
movono_impact_2007,Master's Thesis,True,True,Nadroga/Navosa,False,False,verified,
mua_saaka_2007,Master's Thesis,True,False,,False,False,,
mulvahill_antibiotic_2017,Master's Thesis,True,False,,False,False,,
munshi_geography_1987,Master's Thesis,True,False,,False,False,,
muralidhar_exploratory_1989,PhD Thesis,True,False,,False,False,,
muralidhar_students_1989,PhD Thesis,True,False,,False,False,,
murti_finding_2007,Master's Thesis,True,False,,False,False,,
nyeurt_floristic_1993,Master's Thesis,True,False,,False,False,,
nyeurt_floristic_1998,PhD Thesis,True,False,,False,False,,
nabobo-baba_century_1996,Master's Thesis,True,True,Fiji - no province specified,True,False,verified,
naicker_trends_2012,PhD Thesis,True,False,,False,False,,
naidu_indo-fijian_2017,Master's Thesis,True,False,,False,False,,
naidu_contemporary_1997,Master's Thesis,True,False,,False,False,,
naidu_chemotaxonomic_1989,Master's Thesis,True,False,,False,False,,
naidu_lime-aluminium-phosphate_1985,PhD Thesis,True,False,,False,False,,
naidu_impact_2015,Master's Thesis,True,False,,False,False,,
naidu_testing_2015,PhD Thesis,True,False,,False,False,,
naidu_plural_1979,Master's Thesis,True,False,,False,False,,
naidu_state_1988,PhD Thesis,True,False,,False,False,,
naikatini_monitoring_2009,Master's Thesis,True,True,,False,False,,legacy Tagged Fiji? = Yes but no Research Geography row
nainoca_role_2014,Master's Thesis,True,True,,False,False,verified,verified Fiji rows exist but no province recorded
naioko_forest_1999,Master's Thesis,True,True,Fiji - no province specified,True,False,verified,
nair_population_1978,Master's Thesis,True,False,,False,False,,
naisilisili_effects_1998,Master's Thesis,True,True,,False,False,,legacy Tagged Fiji? = Yes but no Research Geography row
naisilisili_iluvatu_2012,PhD Thesis,True,True,Macuata,False,False,verified,
naivalu_agriculture_1990,Master's Thesis,True,True,,False,False,,legacy Tagged Fiji? = Yes but no Research Geography row
nakalevu_traditional_1997,Master's Thesis,True,True,Naitasiri,False,False,verified,
namudu_socio-economic_2007,Master's Thesis,True,True,,False,False,,legacy Tagged Fiji? = Yes but no Research Geography row
nand_produce_1992,Master's Thesis,True,False,,False,False,,
nand_evaluating_2013,Master's Thesis,True,False,,False,False,,
nand_profiles_2001,Master's Thesis,True,False,,False,False,,
nand_design_2010,Master's Thesis,True,False,,False,False,,
nandan_dialectic_1997,PhD Thesis,True,False,,False,False,,
nandlal_parental_2002,PhD Thesis,True,False,,False,False,,
narawa-daurewa_family_2010,Master's Thesis,True,True,,False,False,,legacy Tagged Fiji? = Yes but no Research Geography row
narayan_study_1986,PhD Thesis,True,False,,False,False,,
narayan_biology_2009,PhD Thesis,True,False,,False,False,,
narayan_public_2004,Master's Thesis,True,False,,False,False,,
narayan_comparison_2013,PhD Thesis,True,False,,False,False,,
narayan_fiji_1976,Master's Thesis,True,False,,False,False,,
narayan_urban_2011,Master's Thesis,True,False,,False,False,,
narayan_industrial_1999,Master's Thesis,True,False,,False,False,,
narayan_critical_2010,PhD Thesis,True,False,,False,False,,
narayan_preliminary_2015,PhD Thesis,True,False,,False,False,,
narayan_economic_1998,Master's Thesis,True,False,,False,False,,
narayan_aerobic_2007,Master's Thesis,True,False,,False,False,,
natasha_post-harvest_2014,Master's Thesis,True,False,,False,False,,
nath_performance_2000,Master's Thesis,True,False,,False,False,,
nating_ecological_2001,Master's Thesis,True,False,,False,False,,
navakamocea_fiscal_1995,Master's Thesis,True,True,,False,False,,legacy Tagged Fiji? = Yes but no Research Geography row
navila_pacific_2012,Master's Thesis,True,True,,False,False,,legacy Tagged Fiji? = Yes but no Research Geography row
navoti_fiji_2012,Master's Thesis,True,True,,False,False,,legacy Tagged Fiji? = Yes but no Research Geography row
nawele_perceptions_2006,Master's Thesis,True,True,Rewa,False,False,verified,
nayacalevu_strengthening_2026,PhD Thesis,True,True,,False,False,verified,verified Fiji rows exist but no province recorded
naz_e-governance_2006,Master's Thesis,True,False,,False,False,,
ndhlovu_how_1990,PhD Thesis,True,False,,False,False,,
ng_preferential_1991,Master's Thesis,True,False,,False,False,,
ngamoki-cameron_moving_2014,Master's Thesis,True,False,,False,False,,
nicole_disturbing_2006,PhD Thesis,True,False,,False,False,,
nisha_instructional_2016,PhD Thesis,True,False,,False,False,,
nisha_effect_2006,Master's Thesis,True,False,,False,False,,
nisha_examining_2014,Master's Thesis,True,False,,False,False,,
norton_politics_1972,PhD Thesis,True,False,,False,False,,
nur_impacts_2021,PhD Thesis,True,False,,False,False,,
ocarroll_education_1993,Master's Thesis,True,False,,False,False,,
osullivan_developmental_1992,PhD Thesis,True,False,,False,False,,
oli_variability_2013,Master's Thesis,True,True,,False,False,,legacy Tagged Fiji? = Yes but no Research Geography row
onwubolu_school-community_2004,PhD Thesis,True,False,,False,False,,
osborne_kai_1998,Master's Thesis,True,False,,False,False,,
osborne_distribution_2006,Master's Thesis,True,True,Naitasiri,False,False,verified,
osborne-naikatini_phylogeography_2015,PhD Thesis,True,True,,False,False,,legacy Tagged Fiji? = Yes but no Research Geography row
osei_two-sector_1999,Master's Thesis,True,False,,False,False,,
overall_bativia_1993,Master's Thesis,True,False,,False,False,,
padayachi_structural_1999,Master's Thesis,True,False,,False,False,,
paquette_gis_2011,Master's Thesis,True,False,,False,False,,
parke_clause_1981,Master's Thesis,True,False,,False,False,,
passfield_valuing_1997,PhD Thesis,True,False,,False,False,,
patel_phytochemical_2005,Master's Thesis,True,False,,False,False,,
pathik_extent_1999,Master's Thesis,True,False,,False,False,,
peck_missionary_1982,PhD Thesis,True,False,,False,False,,
pene_integrating_2006,Master's Thesis,True,False,,False,False,,
penn_environmental_1983,PhD Thesis,True,False,,False,False,,
pescod_physical_1988,PhD Thesis,True,False,,False,False,,
pigliasco_custodians_2007,PhD Thesis,True,False,,False,False,,
poole_tourism_1991,Master's Thesis,True,False,,False,False,,
prakash_devaluation_2015,PhD Thesis,True,False,,False,False,,
prasad_impact_2005,Master's Thesis,True,False,,False,False,,
prasad_property_1998,PhD Thesis,True,False,,False,False,,
prasad_postharvest_2015,PhD Thesis,True,False,,False,False,,
prasad_exploring_2016,PhD Thesis,True,False,,False,False,,
prasad_linking_2008,Master's Thesis,True,False,,False,False,,
prasad_investigation_1996,Master's Thesis,True,False,,False,False,,
prasad_gujaratis_1978,PhD Thesis,True,False,,False,False,,
prasad_response_1998,PhD Thesis,True,False,,False,False,,
prasad_deregulation_1997,Master's Thesis,True,False,,False,False,,
prasad_energy_2016,Master's Thesis,True,False,,False,False,,
prasad_unravelling_1997,Master's Thesis,True,False,,False,False,,
prasad_indo-fijian_2005,PhD Thesis,True,False,,False,False,,
prasad_growth_1995,Master's Thesis,True,False,,False,False,,
prasad_survey_2000,Master's Thesis,True,False,,False,False,,
prasad_effect_1967,Master's Thesis,True,False,,False,False,,
prasad_grammar_2016,Master's Thesis,True,False,,False,False,,
prasad_social_2000,Master's Thesis,True,False,,False,False,,
prasad_potential_2013,Master's Thesis,True,False,,False,False,,
prasad_assessment_2008,Master's Thesis,True,False,,False,False,,
prasad_changing_2013,Master's Thesis,True,False,,False,False,,
prasad_women_1990,Master's Thesis,True,False,,False,False,,
prasad_contextualising_2025,PhD Thesis,True,False,,False,False,,
prasad_re-theorising_1992,Master's Thesis,True,False,,False,False,,
prasad_value_2013,Master's Thesis,True,False,,False,False,,
prasad_identifying_2006,Master's Thesis,True,False,,False,False,,
prasad_cross_1989,PhD Thesis,True,False,,False,False,,
pratap_health_1997,Master's Thesis,True,False,,False,False,,
pratt_nineteenth_2016,Master's Thesis,True,False,,False,False,,
premdas_religion_1991,PhD Thesis,True,False,,False,False,,
puamau_fijian_1991,Master's Thesis,True,True,,False,False,,legacy Tagged Fiji? = Yes but no Research Geography row
qalo_indigenous_1993,PhD Thesis,True,True,,False,False,verified,verified Fiji rows exist but no province recorded
qereqeretabua_flow-related_1997,Master's Thesis,True,True,Rewa,False,False,verified,
qiolevu_regional_2011,Master's Thesis,True,True,,False,False,verified,verified Fiji rows exist but no province recorded
qovu_work_1996,Master's Thesis,True,True,,False,False,verified,verified Fiji rows exist but no province recorded
raiyawa_affirmative_2007,Master's Thesis,True,True,Tailevu; Lomaiviti; Rewa,False,False,verified,
raj_investigation_1985,Master's Thesis,True,False,,False,False,,
raj_floristic_1992,Master's Thesis,True,False,,False,False,,
raj_billing_2012,PhD Thesis,True,False,,False,False,,
ram_rainfall_2013,Master's Thesis,True,False,,False,False,,
ram_study_2006,Master's Thesis,True,False,,False,False,,
ram_benefits_2015,PhD Thesis,True,False,,False,False,,
ram_reducing_2012,Master's Thesis,True,False,,False,False,,
ram_long_2009,PhD Thesis,True,False,,False,False,,
ram_impacts_2008,Master's Thesis,True,False,,False,False,,
ramsay_challenges_2013,Master's Thesis,True,False,,False,False,,
rao_economic_1983,PhD Thesis,True,False,,False,False,,
rao_culture_2004,PhD Thesis,True,False,,False,False,,
rao_analysis_2000,Master's Thesis,True,False,,False,False,,
rao_efficacy_2017,Master's Thesis,True,False,,False,False,,
rao_determination_2005,Master's Thesis,True,False,,False,False,,
rashni_effect_2014,Master's Thesis,True,False,,False,False,,
ratawa_fijian_1991,Master's Thesis,True,False,,False,False,verified,verified Fiji rows exist but no province recorded
rattan_characteristics_2001,Master's Thesis,True,False,,False,False,,
ratuva_ethnic_1999,PhD Thesis,True,True,,False,False,,legacy Tagged Fiji? = Yes but no Research Geography row
ratuvakacereivalu_fijian_1992,Master's Thesis,True,True,,False,False,,legacy Tagged Fiji? = Yes but no Research Geography row
ravatu_national_1998,Master's Thesis,True,True,,False,False,,legacy Tagged Fiji? = Yes but no Research Geography row
ravindra_assessment_2016,Master's Thesis,True,False,,False,False,,
ravono_nursing_2021,PhD Thesis,True,True,Fiji - no province specified,True,False,verified,
ravuvu_climate_2014,Master's Thesis,True,True,,False,False,,legacy Tagged Fiji? = Yes but no Research Geography row
ravuvu_development_1981,Master's Thesis,True,True,,False,False,,legacy Tagged Fiji? = Yes but no Research Geography row
reddy_labour_1974,Master's Thesis,True,False,,False,False,,
reddy_production_1998,PhD Thesis,True,False,,False,False,,
reddy_study_1988,PhD Thesis,True,False,,False,False,,
reddy_prospects_1998,Master's Thesis,True,False,,False,False,,
reddy_property_2001,Master's Thesis,True,False,,False,False,,
reddy_employment_2016,PhD Thesis,True,False,,False,False,,
rensel_for_1994,PhD Thesis,True,False,,False,False,,
rice_alternative_2020,PhD Thesis,True,False,,False,False,,
richmond_never_2003,Master's Thesis,True,False,,False,False,,legacy Tagged Fiji? = Yes but no Research Geography row
rigamoto_floristic_2000,Master's Thesis,True,False,,False,False,,
rika_capital_2009,Master's Thesis,True,True,,False,False,,legacy Tagged Fiji? = Yes but no Research Geography row
rika_human_2003,Master's Thesis,True,True,,False,False,,legacy Tagged Fiji? = Yes but no Research Geography row
rika-hicks_indigenous_2008,Master's Thesis,True,True,,False,False,verified,verified Fiji rows exist but no province recorded
rokoduru_contemporary_2006,Master's Thesis,True,True,,False,False,,legacy Tagged Fiji? = Yes but no Research Geography row
rokomatu_studies_2004,Master's Thesis,True,True,,False,False,,legacy Tagged Fiji? = Yes but no Research Geography row
rolls_civil_2002,Master's Thesis,True,False,,False,False,,
rosenthal_realms_1991,PhD Thesis,True,False,,False,False,,
roshni_analysing_2014,Master's Thesis,True,False,,False,False,,
rounds_conservation_2007,Master's Thesis,True,True,,False,False,,legacy Tagged Fiji? = Yes but no Research Geography row
rova_role_1987,Master's Thesis,True,True,,False,False,,legacy Tagged Fiji? = Yes but no Research Geography row
sahib_assessment_2015,Master's Thesis,True,False,,False,False,,
sahu_khan_constitution_1975,PhD Thesis,True,False,,False,False,,
sameer_teacher_2005,Master's Thesis,True,False,,False,False,,
sami_power_2006,Master's Thesis,True,False,,False,False,,
samuwai_towards_2014,Master's Thesis,True,True,,False,False,,legacy Tagged Fiji? = Yes but no Research Geography row
samy_aspects_1977,PhD Thesis,True,False,,False,False,,
saraf_antimicrobial_2011,Master's Thesis,True,False,,False,False,,
schmidt_language_1988,PhD Thesis,True,False,,False,False,,
schutz_dialect_1962,PhD Thesis,True,False,,False,False,,
sedra_independence_2016,PhD Thesis,True,True,,False,False,,legacy Tagged Fiji? = Yes but no Research Geography row
seeto_reproductive_1994,Master's Thesis,True,False,,False,False,,
sen_characterisation_2017,PhD Thesis,True,False,,False,False,,
sen_determinants_2009,Master's Thesis,True,False,,False,False,,
sendele_history_2006,Master's Thesis,True,False,,False,False,,
senibulu_professionalism_2005,Master's Thesis,True,True,,False,False,,legacy Tagged Fiji? = Yes but no Research Geography row
sewak_graduate_1980,PhD Thesis,True,False,,False,False,,
shah_impacts_2001,Master's Thesis,True,False,,False,False,,
shah_motivation_2016,Master's Thesis,True,False,,False,False,,
shah_study_2008,Master's Thesis,True,False,,False,False,,
shameem_sugar_1990,PhD Thesis,True,False,,False,False,,
shameem_what_2019,PhD Thesis,True,False,,False,False,,
shandil_gendering_2014,PhD Thesis,True,False,,False,False,,
shankaran_comparative_2010,Master's Thesis,True,False,,False,False,,
sharma_multicraft_1989,Master's Thesis,True,False,,False,False,,
sharma_management_1995,PhD Thesis,True,False,,False,False,,
sharma_soil_2016,Master's Thesis,True,False,,False,False,,
sharma_rural_2002,Master's Thesis,True,False,,False,False,,
sharma_study_2007,Master's Thesis,True,False,,False,False,,
sharma_indo-fijian_2001,Master's Thesis,True,False,,False,False,,
sharma_calibration_1991,Master's Thesis,True,False,,False,False,,
sharma_alternative_2001,Master's Thesis,True,False,,False,False,,
sharma_causes_2012,PhD Thesis,True,False,,False,False,,
sharma_management_2000,Master's Thesis,True,False,,False,False,,
sherani_context_2009,Master's Thesis,True,False,,False,False,,
shetty_behavioural_2000,Master's Thesis,True,False,,False,False,,
shorten_geotechnical_1993,PhD Thesis,True,False,,False,False,,
siegel_barriers_2016,Master's Thesis,True,False,,False,False,,
simpson_assessing_2010,Master's Thesis,True,True,,False,False,,legacy Tagged Fiji? = Yes but no Research Geography row
singh_credit_1994,Master's Thesis,True,False,,False,False,,
singh_demand_2015,Master's Thesis,True,False,,False,False,,
singh_public_2002,Master's Thesis,True,False,,False,False,,
singh_transportation_2007,Master's Thesis,True,False,,False,False,,
singh_modelling_2008,Master's Thesis,True,False,,False,False,,
singh_economic_2014,PhD Thesis,True,False,,False,False,,
singh_development_1982,PhD Thesis,True,False,,False,False,,
singh_study_2012,Master's Thesis,True,False,,False,False,,
singh_phosphate_1982,Master's Thesis,True,False,,False,False,,
singh_technical_2016,Master's Thesis,True,False,,False,False,,
singh_collaboration_1994,Master's Thesis,True,False,,False,False,,
singh_investigating_2008,Master's Thesis,True,False,,False,False,,
singh_prevalence_2007,Master's Thesis,True,False,,False,False,,
singh_language_2008,Master's Thesis,True,False,,False,False,,
singh_macroeconometric_2005,Master's Thesis,True,False,,False,False,,
singh_chemical_2005,Master's Thesis,True,False,,False,False,,
singh_modern_2001,Master's Thesis,True,False,,False,False,,
singh_variability_1999,Master's Thesis,True,False,,False,False,,
singh_relevance_2000,Master's Thesis,True,False,,False,False,,
singh_freshwater_2011,Master's Thesis,True,False,,False,False,,
singh_study_2012-1,Master's Thesis,True,False,Bua,False,False,verified,
singh_performance_2006,Master's Thesis,True,False,,False,False,,
singh_morphological_2009,Master's Thesis,True,False,,False,False,,
singh_indo_1998,Master's Thesis,True,False,,False,False,,
singh_problems_2002,Master's Thesis,True,False,,False,False,,
singh_study_1988,Master's Thesis,True,False,,False,False,,
singleton_mangrove_1997,Master's Thesis,True,False,,False,False,,
sivo_ecotourism_2006,Master's Thesis,True,True,,False,False,,legacy Tagged Fiji? = Yes but no Research Geography row
skett_education_2007,Master's Thesis,True,False,,False,False,,
skjolseth_globalisation_2003,Master's Thesis,True,False,,False,False,,
slack_change_2016,PhD Thesis,True,False,,False,False,,
slatter_or_1993,Master's Thesis,True,False,,False,False,,
slatter_politics_2004,PhD Thesis,True,False,,False,False,,
sloot_fiji_2000,Master's Thesis,True,False,,False,False,,
snehaleela_neutron_1999,Master's Thesis,True,False,,False,False,,
soderberg_great_2010,Master's Thesis,True,False,,False,False,,
sofer_uneven_1987,PhD Thesis,True,False,,False,False,,
solomone_cluster_2010,Master's Thesis,True,False,,False,False,,
southern_late_1986,PhD Thesis,True,False,,False,False,,
spencer_disease_1941,PhD Thesis,True,False,,False,False,,
spurrier_cassava_2010,Master's Thesis,True,False,,False,False,,
stabile_urban_2001,Master's Thesis,True,False,,False,False,,
stork_silicic_1984,PhD Thesis,True,False,,False,False,,
sudhakar_future_2008,Master's Thesis,True,False,,False,False,,
sugrim_seasonal_2011,Master's Thesis,True,False,,False,False,,
suluma_education_2005,PhD Thesis,True,False,,False,False,,
sundar_relationships_1985,PhD Thesis,True,False,,False,False,,
swamy_biology_1995,PhD Thesis,True,False,,False,False,,
swann_exploring_2014,Master's Thesis,True,False,,False,False,,
swapna_energy_2012,Master's Thesis,True,False,,False,False,,
tabilai_itaukei_2014,Master's Thesis,True,True,,False,False,,
tabua_model_1994,Master's Thesis,True,True,,False,False,,legacy Tagged Fiji? = Yes but no Research Geography row
tabua_trunk-inhabiting_2015,Master's Thesis,True,True,,False,False,,legacy Tagged Fiji? = Yes but no Research Geography row
tabudravu_experimental_1995,Master's Thesis,True,True,,False,False,,legacy Tagged Fiji? = Yes but no Research Geography row
tabudravu_investigations_2001,PhD Thesis,True,True,,False,False,,legacy Tagged Fiji? = Yes but no Research Geography row
tabuya_sugarcane_1998,Master's Thesis,True,True,,False,False,,legacy Tagged Fiji? = Yes but no Research Geography row
tagi_fijian_1991,Master's Thesis,True,True,,False,False,,legacy Tagged Fiji? = Yes but no Research Geography row
tagicakiverata_truancy_2003,Master's Thesis,True,True,,False,False,,legacy Tagged Fiji? = Yes but no Research Geography row
tagivakatini_explorations_2009,Master's Thesis,True,True,,False,False,,legacy Tagged Fiji? = Yes but no Research Geography row
takeda_vegetation_2010,PhD Thesis,True,False,,False,False,,
taloiburi_evaluation_2009,Master's Thesis,True,False,,False,False,,
tamani_effect_2004,Master's Thesis,True,True,,False,False,,legacy Tagged Fiji? = Yes but no Research Geography row
tapuaiga_analysis_2002,Master's Thesis,True,False,,False,False,,
tarabe_re-assessing_2015,Master's Thesis,True,False,,False,False,,
tawake_coastal_2007,Master's Thesis,True,True,,False,False,,legacy Tagged Fiji? = Yes but no Research Geography row
tawanang_education_2011,Master's Thesis,True,False,,False,False,,
taylor_quaternary_1978,Master's Thesis,True,False,,False,False,,
taylor_fiji_1997,PhD Thesis,True,False,,False,False,,
tent_dynamics_2000,PhD Thesis,True,False,,False,False,,
tikoca_diversity_2016,Master's Thesis,True,True,,False,False,,legacy Tagged Fiji? = Yes but no Research Geography row
tikoibua_growth_2017,Master's Thesis,True,True,,False,False,,legacy Tagged Fiji? = Yes but no Research Geography row
titoko_web_1998,Master's Thesis,True,True,,False,False,,legacy Tagged Fiji? = Yes but no Research Geography row
titoko_abundance_2016,Master's Thesis,True,True,,False,False,verified,verified Fiji rows exist but no province recorded
toba_senior_2002,Master's Thesis,True,False,,False,False,,
togamana_nutrient_1995,Master's Thesis,True,False,,False,False,,
tokalauvere_exploring_2008,Master's Thesis,True,True,,False,False,,legacy Tagged Fiji? = Yes but no Research Geography row
tora_human_1996,Master's Thesis,True,True,,False,False,,legacy Tagged Fiji? = Yes but no Research Geography row
trnka_god_2002,PhD Thesis,True,False,,False,False,,legacy Tagged Fiji? = Yes but no Research Geography row
tubuna_role_1988,Master's Thesis,True,True,,False,False,,legacy Tagged Fiji? = Yes but no Research Geography row
tuikenatabua_realistic_1988,Master's Thesis,True,True,,False,False,,legacy Tagged Fiji? = Yes but no Research Geography row
tuilau_urbanization_2012,Master's Thesis,True,True,,False,False,,legacy Tagged Fiji? = Yes but no Research Geography row
tuimalealiifano_samoans_1987,Master's Thesis,True,False,,False,False,,
tuimavana_developing_2010,Master's Thesis,True,True,,False,False,,legacy Tagged Fiji? = Yes but no Research Geography row
tuitoga_politics_2003,Master's Thesis,True,True,,False,False,,legacy Tagged Fiji? = Yes but no Research Geography row
tuiwawa_flora_1999,Master's Thesis,True,True,,False,False,,legacy Tagged Fiji? = Yes but no Research Geography row
tukana_study_2005,Master's Thesis,True,True,,False,False,,legacy Tagged Fiji? = Yes but no Research Geography row
tupiti_sensitive_2016,Master's Thesis,True,False,,False,False,,
tuqota_critical_2006,Master's Thesis,True,False,,False,False,,
tuqota_fiji_1988,Master's Thesis,True,True,,False,False,,legacy Tagged Fiji? = Yes but no Research Geography row
turner_staying_1983,PhD Thesis,True,False,,False,False,,
tuwere_making_1992,PhD Thesis,True,True,,False,False,,legacy Tagged Fiji? = Yes but no Research Geography row
umar_effectiveness_1983,Master's Thesis,True,False,,False,False,,
usman_invisibility_2012,Master's Thesis,True,False,,False,False,,
vakauta_contemporary_2014,Master's Thesis,True,False,,False,False,,
vakaoti_socially_1998,Master's Thesis,True,True,,False,False,,legacy Tagged Fiji? = Yes but no Research Geography row
varani-norton_how_2007,PhD Thesis,True,True,,False,False,,legacy Tagged Fiji? = Yes but no Research Geography row
vatanimoto-mausio_societal_1998,Master's Thesis,True,True,,False,False,,legacy Tagged Fiji? = Yes but no Research Geography row
veitayaki_village-level_1990,Master's Thesis,True,True,,False,False,verified,verified Fiji rows exist but no province recorded
veramu_education_1998,Master's Thesis,True,False,,False,False,,
veramu_case-study_2007,PhD Thesis,True,False,,False,False,,
vilisoni_recruitment_2012,Master's Thesis,True,False,,False,False,,
voigt-graf_construction_2002,PhD Thesis,True,False,,False,False,,
vudiniabola_fijian_2011,PhD Thesis,True,True,,False,False,,legacy Tagged Fiji? = Yes but no Research Geography row
vunisea_village_1996,Master's Thesis,True,True,,False,False,,legacy Tagged Fiji? = Yes but no Research Geography row
waibuca_role_1997,Master's Thesis,True,True,,False,False,,legacy Tagged Fiji? = Yes but no Research Geography row
waisman_beach_2004,Master's Thesis,True,False,,False,False,,
walker_study_1976,Master's Thesis,True,False,,False,False,,
waqa_problems_1974,Master's Thesis,True,True,,False,False,,legacy Tagged Fiji? = Yes but no Research Geography row
waqa-sakiti_taxonomy_2006,Master's Thesis,True,True,,False,False,,legacy Tagged Fiji? = Yes but no Research Geography row
waqa-sakiti_taxonomy_2015,PhD Thesis,True,True,,False,False,,legacy Tagged Fiji? = Yes but no Research Geography row
waqainabete_role_2012,Master's Thesis,True,True,,False,False,,legacy Tagged Fiji? = Yes but no Research Geography row
waqairatu_quality_2008,Master's Thesis,True,True,,False,False,,legacy Tagged Fiji? = Yes but no Research Geography row
waqanicakau_microfinance_2015,Master's Thesis,True,True,,False,False,,legacy Tagged Fiji? = Yes but no Research Geography row
waqanisau_only_1989,Master's Thesis,True,True,,False,False,,legacy Tagged Fiji? = Yes but no Research Geography row
waterloo_water_1994,PhD Thesis,True,False,,False,False,,
watling_ecology_1977,Master's Thesis,True,False,,False,False,,
watt_marketing_1981,PhD Thesis,True,False,,False,False,,
weaver_postmodern_1994,PhD Thesis,True,False,,False,False,,
webb_historical_1990,PhD Thesis,True,False,,False,False,,
weiner_nutritional_1978,PhD Thesis,True,False,,False,False,,
wharton_crustal_1993,PhD Thesis,True,False,,False,False,,
whippy-morris_potential_1994,Master's Thesis,True,False,,False,False,,
white_cultural_1997,PhD Thesis,True,False,,False,False,,
williams_taukei_1973,Master's Thesis,True,False,,False,False,,
williksen-bakker_and_1984,Master's Thesis,True,False,,False,False,,
wilson_ethnicity_2005,PhD Thesis,True,False,,False,False,,legacy Tagged Fiji? = Yes but no Research Geography row
wood_education_1964,PhD Thesis,True,False,,False,False,,
woodward_planning_1981,PhD Thesis,True,False,,False,False,,
yabaki-goundar_phylogeny_2014,Master's Thesis,True,True,,False,False,,legacy Tagged Fiji? = Yes but no Research Geography row
yee_household_1984,PhD Thesis,True,False,,False,False,,
yee-chief_distance_1998,PhD Thesis,True,False,,False,False,,
yee-chief_survey_2000,PhD Thesis,True,False,,False,False,,
yeo_natural_1998,PhD Thesis,True,False,,False,False,,
yuen_climate_2013,Master's Thesis,True,False,,False,False,,
rokocakau_fault_2024,Journal Article,True,True,,False,False,,
berthe_distribution_2018,Journal Article,True,False,,False,False,,
besson_consistency_2017,Journal Article,True,False,,False,False,,
calandra_local_2022,Journal Article,True,False,,False,False,,
feeney_long_2021,Journal Article,True,False,,False,False,,
frederich_colour_2010,Journal Article,True,False,,False,False,,
gairin_coral_2024,Journal Article,True,False,,False,False,,
gairin_environmental_2023,Journal Article,True,True,,False,False,,
gasc_effects_2021,Journal Article,True,False,,False,False,,
gautrand_high_2023,Journal Article,True,False,,False,False,,
khoa_changes_2021,Journal Article,True,False,,False,False,,
khoa_early_2019,Journal Article,True,False,,False,False,,
khoa_comparative_2020,Journal Article,True,False,,False,False,,
khoa_integrative_2021,Journal Article,True,True,,False,False,,
khoa_enrichment_2021,Journal Article,True,True,,False,False,,
krimou_herbivory_2023,Journal Article,True,False,,False,False,,
lecchini_marine_2021,Journal Article,True,False,,False,False,,
lecchini_assessment_2021,Journal Article,True,False,,False,False,,
lecchini_effects_2021,Journal Article,True,False,,False,False,,
lecchini_erosion_2024,Journal Article,True,False,,False,False,,
lecchini_vertical_2013,Journal Article,True,False,,False,False,,
lecchini_fish_2013,Journal Article,True,False,,False,False,,
madi_moussa_importance_2020,Journal Article,True,True,,False,False,,
matsui_suitability_2020,Journal Article,True,False,,False,False,,
matsui_dha_2021,Journal Article,True,False,,False,False,,
matsui_effects_2020,Journal Article,True,False,,False,False,,
minier_characterization_2023,Journal Article,True,False,,False,False,,
mzengereza_responses_2022,Journal Article,True,False,,False,False,,
nguyen_flowers_2025,Journal Article,True,False,,False,False,,
shadrack_physiological_2021,Journal Article,True,False,,False,False,,
veitayaki_mangroves_2017,Book Chapter,True,True,,False,False,,
waqalevu_interplay_2020,Journal Article,True,False,,False,False,,
waqalevu_effect_2019,Journal Article,True,True,,False,False,,
waqalevu_proteolytic_2018,Journal Article,True,True,,False,False,,
waqalevu_enrichment_2019,Journal Article,True,False,,False,False,,
oak_case_2011,Journal Article,True,False,,False,False,,
park_predictive_2012,Journal Article,True,False,,False,False,,legacy Tagged Fiji? = Yes but no Research Geography row
bates_tuberculosis_2024,Journal Article,True,False,,False,False,,
baleivanualala_antimicrobial_2026,Journal Article,True,True,,False,False,,
ide_association_2006,Journal Article,True,True,,False,False,,
zaqout_binding_2012,Journal Article,True,False,,False,False,,
park_chest_2011,Journal Article,True,False,,False,False,,
brereton_childrens_2018,Journal Article,True,False,,False,False,,
sawanyawisuth_clinical_2009,Journal Article,True,False,,False,False,,
wilson_determination_2012,Journal Article,True,True,,False,False,,
ligairi_existing_2021,Journal Article,True,False,,False,False,,legacy Tagged Fiji? = Yes but no Research Geography row
power_fear_2025,Journal Article,True,True,,False,False,,
park_hazardous_2013,Journal Article,True,False,,False,False,,
ratu_healthy_2025,Journal Article,True,True,,False,False,,
park_lung_2014,Journal Article,True,False,,False,False,,legacy Tagged Fiji? = Yes but no Research Geography row
sudhakar_molecular_2024,Journal Article,True,True,,False,False,,legacy Tagged Fiji? = Yes but no Research Geography row
khan_partial_2025,Journal Article,True,False,,False,False,,
curtis_rapid_2023,Journal Article,True,True,Fiji - no province specified,True,False,verified,
ide_relationships_2010,Journal Article,True,True,,False,False,,
kochi_respiratory_2011,Journal Article,True,False,,False,False,,
talbot_sat-029_2019,Journal Article,True,False,,False,False,,
webster_scaling-up_2022,Journal Article,True,True,,False,False,,
romakin_socio-demographic_2018,Journal Article,True,False,,False,False,,legacy Tagged Fiji? = Yes but no Research Geography row
ide_effects_2009,Journal Article,True,True,,False,False,,
luceroprisno_top_2025,Journal Article,True,False,,False,False,,
romakin_treatment_2018,Journal Article,True,False,,False,False,,legacy Tagged Fiji? = Yes but no Research Geography row
patel_understanding_2025,Journal Article,True,True,,False,False,,
jahan_vaccination_2025,Journal Article,True,True,Rewa,False,False,verified,
asare-doku_assessing_2025,Journal Article,True,True,,False,False,,
waqa_culturally_2023,Journal Article,True,True,,False,False,,
meo-sewabu_exploring_2025,Report,True,True,,False,False,,
meo-sewabu_global_2012,Journal Article,True,True,,False,False,,
meo-sewabu_global_2019,Book Chapter,True,True,,False,False,,
richardson_indigenous_2019,Journal Article,True,True,,False,False,,
asare-doku_monitoring_2023,Report,True,True,,False,False,,
stewart-withers_qualitative_2014,Book Chapter,True,True,,False,False,,
moschonas_reflecting_2022,Report,True,True,,False,False,,
meo-sewabu_research_2014,Book Chapter,True,True,,False,False,verified,verified Fiji rows exist but no province recorded
tuvuki_social_2025,Book Chapter,True,True,,False,False,,
alofivae-doorbinnia_talanoa_2025,Journal Article,True,True,,False,False,,
meo-sewabu_impact_2024,Report,True,True,Fiji - no province specified,True,False,verified,
plange_violence_2020,Report,True,True,,False,False,,
meo-sewabu_vulnerability_2022,Book Chapter,True,True,,False,False,verified,verified Fiji rows exist but no province recorded
stanaway_301_2025,Journal Article,True,True,,False,False,,
ravulo_positive_2023,Book Chapter,True,True,,False,False,,
ravulo_integrated_2016,Journal Article,True,True,,False,False,,
ravulo_applying_2019,Book Chapter,True,False,,False,False,,
ravulo_australian_2018,Journal Article,True,True,,False,False,,
ravulo_co-opting_2020,Journal Article,True,False,,False,False,,
ravulo_connecting_2018,Journal Article,True,False,,False,False,,
hollier_courage_2025,Book Chapter,True,False,,False,False,,
ravulo_creating_2025,Journal Article,True,False,,False,False,,
ravulo_creating_2016,Journal Article,True,False,,False,False,,
ravulo_critical_2024,Book Chapter,True,False,,False,False,,
ravulo_critical_2024-1,Book Chapter,True,False,,False,False,,
ravulo_delivering_2015,Report,True,False,,False,False,,
ravulo_delivering_2019,Book Chapter,True,False,,False,False,,
ravulo_developing_2009,Report,True,False,,False,False,,
luu_effectively_2024,Journal Article,True,True,,False,False,,
ma_emergency_2023,Journal Article,True,False,,False,False,,
ravulo_exploring_2021,Book Chapter,True,False,,False,False,,
faleolo_getting_2019,Book Chapter,True,False,,False,False,,
ravulo_handbook_2024,Book,True,False,,False,False,,
ravulo_health_2016,Book Chapter,True,True,,False,False,,
pale_indigenizing_2026,Journal Article,True,False,,False,False,,
ravulo_individual-based_2022,Report,True,False,,False,False,,
grace_innovative_2024,Journal Article,True,False,,False,False,,
ravulo_introduction_2024,Book Chapter,True,False,,False,False,,
ravulo_its_2012,Journal Article,True,False,,False,False,,
ravulo_learning_2025,Book Chapter,True,False,,False,False,,
ravulo_mental_2021,Report,True,False,,False,False,,
ravulo_more_2010,Report,True,False,,False,False,,
ravulo_nrl_2015,Report,True,False,,False,False,,
ravulo_pacific_2015,Report,True,True,,False,False,,
ravulo_pacific_2016,Journal Article,True,False,,False,False,,
ravulo_pacific_2017,Report,True,False,,False,False,,
ravulo_pacific_2018,Report,True,False,,False,False,,
ravulo_pacific_2016-1,Journal Article,True,False,,False,False,,
ravulo_pacific_2019,Book,True,False,,False,False,,
ravulo_pacific_2015-1,Journal Article,True,True,,False,False,,
ravulo_promoting_2020,Journal Article,True,True,,False,False,,
ravulo_raising_2019,Journal Article,True,False,,False,False,,
ravulo_reflections_2022,Journal Article,True,False,,False,False,,
ma_refuge_2024,Journal Article,True,False,,False,False,,
ravulo_risk_2018,Journal Article,True,True,,False,False,,
ravulo_social_2020,Journal Article,True,False,,False,False,,
ravulo_social_2019,Journal Article,True,False,,False,False,,
grace_supporting_2026,Journal Article,True,True,,False,False,,
ravulo_influence_2024,Book Chapter,True,False,,False,False,,
ravulo_lived_2024,Book Chapter,True,False,,False,False,,
ravulo_perceptions_2021,Report,True,False,,False,False,,
grace_right_2025,Journal Article,True,True,,False,False,,
oosthuizen_role_2023,Journal Article,True,False,,False,False,,
ravulo_understanding_2019,Book Chapter,True,False,,False,False,,
mcveigh_understanding_2025,Book,True,False,,False,False,,
deans_understanding_2021,Journal Article,True,False,,False,False,,
stanaway_using_2025,Journal Article,True,True,,False,False,,
ravulo_utilising_2020,Report,True,False,,False,False,,
ravulo_where_2019,Book Chapter,True,False,,False,False,,
ratuva_new_2014,Journal Article,True,True,,False,False,,
ratuva_replay_2021,Book Chapter,True,True,,False,False,,
ratuva_addressing_2000,Book Chapter,True,True,,False,False,,
ratuva_aid_2019,Book Chapter,True,True,,False,False,,
ratuva_anxiety_2017,Journal Article,True,True,,False,False,,
movono_beyond_2023,Journal Article,True,True,,False,False,,
ratuva_book_2023,Journal Article,True,True,,False,False,,
ratuva_climate_2025,Book Chapter,True,True,,False,False,,
strating_commentary_2022,Journal Article,True,True,,False,False,,
ratuva_concluding_2016,Book Chapter,True,True,,False,False,,
ratuva_concluding_2025,Book Chapter,True,True,,False,False,,
ratuva_contested_2019,Book,True,True,,False,False,,
ratuva_covid-19_2021,Book,True,False,,False,False,,
ratuva_covid-19_2021-1,Journal Article,True,True,,False,False,,
ratuva_environment_2026,Book Chapter,True,True,,False,False,,
ratuva_exploring_2020,Book Chapter,True,True,,False,False,,
ratuva_guns_2019,Book,True,False,,False,False,,
ratuva_guns_2019-1,Book Chapter,True,True,,False,False,,
ratuva_human_2025,Book Chapter,True,True,,False,False,,
vunibola_innovation_2024,Book Chapter,True,True,,False,False,,
ratuva_integrated_2021,Journal Article,True,True,,False,False,,
ratuva_introduction_2025,Book Chapter,True,True,,False,False,,
ratuva_multi-faceted_2019,Book Chapter,True,True,,False,False,,
ratuva_oceania_2023,Book Chapter,True,True,,False,False,,
mead_pacific_2007,Book,True,False,,False,False,,
ratuva_primordial_2007,Book Chapter,True,True,,False,False,,
ratuva_rethinking_2025,Book,True,False,,False,False,,
ratuva_risk_2021,Book Chapter,True,True,,False,False,,
ratuva_risk_2021-1,Book Chapter,True,True,,False,False,,
ratuva_risks_2021,Book,True,False,,False,False,,
ratuva_shifting_2016,Book Chapter,True,True,,False,False,,
ratuva_social_2021,Journal Article,True,True,,False,False,,
ratuva_social_2019,Journal Article,True,True,,False,False,,
ratuva_concluding_2019,Book Chapter,True,True,,False,False,,
ratuva_subalternization_2016,Journal Article,True,True,,False,False,,
ratuva_ocean_2023,Book Chapter,True,True,,False,False,,
ratuva_pacific_2023,Book Chapter,True,True,,False,False,,
ratuva_palgrave_2019,Book,True,False,,False,False,,
ratuva_people_2016,Book Chapter,True,True,,False,False,,
ratuva_people_2016-1,Book,True,True,,False,False,verified,verified Fiji rows exist but no province recorded
ratuva_threats_2026,Book Chapter,True,True,,False,False,,
gharbaoui_move_2026,Book Chapter,True,True,,False,False,,
ratuva_voices_2024,Report,True,False,,False,False,,
lako_agriculturenutritionincome_2019,Report,True,True,,False,False,,legacy Tagged Fiji? = Yes but no Research Geography row
natasha_bacterial_2014,Journal Article,True,True,,False,False,,legacy Tagged Fiji? = Yes but no Research Geography row
iese_climate_2024,Book Chapter,True,True,,False,False,,legacy Tagged Fiji? = Yes but no Research Geography row
lako_consumer_2018,Report,True,True,,False,False,,legacy Tagged Fiji? = Yes but no Research Geography row
lako_development_2014,Journal Article,True,True,,False,False,,legacy Tagged Fiji? = Yes but no Research Geography row
lako_food_2010,Journal Article,True,True,,False,False,,legacy Tagged Fiji? = Yes but no Research Geography row
lako_food_2012,Book,True,False,,False,False,verified,verified Fiji rows exist but no province recorded
lako_freshwater_2019,Journal Article,True,True,,False,False,,legacy Tagged Fiji? = Yes but no Research Geography row
lako_market_2009,Report,True,True,,False,False,,legacy Tagged Fiji? = Yes but no Research Geography row
lako_obesity_2007,Journal Article,True,True,,False,False,,legacy Tagged Fiji? = Yes but no Research Geography row
lako_postharvest_2015,Journal Article,True,True,,False,False,,legacy Tagged Fiji? = Yes but no Research Geography row
lako_quality_2025,Journal Article,True,True,,False,False,,legacy Tagged Fiji? = Yes but no Research Geography row
lako_routine_2008,Journal Article,True,True,,False,False,,legacy Tagged Fiji? = Yes but no Research Geography row
lako_stability_2009,Report,True,True,,False,False,,legacy Tagged Fiji? = Yes but no Research Geography row
lako_glycemic_2004,Journal Article,True,True,,False,False,,legacy Tagged Fiji? = Yes but no Research Geography row
brodie_value_2017,Book Chapter,True,True,,False,False,,legacy Tagged Fiji? = Yes but no Research Geography row
lako_value_2012,Report,True,True,,False,False,,legacy Tagged Fiji? = Yes but no Research Geography row
tawake_adaptation_2009,Book Chapter,True,True,,False,False,,
seebens_biological_2025,Journal Article,True,True,,False,False,,
govan_community-based_2006,Journal Article,True,True,,False,False,,
roy_curbing_2024,Journal Article,True,True,,False,False,,
veitayaki_empowering_2003,Book Chapter,True,True,,False,False,,
govan_fiji_2008,Report,True,True,,False,False,,
tawake_harvesting_2006,Journal Article,True,True,,False,False,,
ferguson_irlanda_insights_2025,Journal Article,True,True,,False,False,,
cohen_is_2014,Journal Article,True,True,,False,False,,
duarte_layering_2025,Journal Article,True,True,,False,False,,
govan_locally-managed_2008,Book,True,True,,False,False,,
jupiter_locally-managed_2014,Journal Article,True,True,,False,False,,
fontoura_mainstreaming_2024,Journal Article,True,True,,False,False,,
veitayaki_mainstreaming_2003,Report,True,True,,False,False,,
camino_new_2023,Journal Article,True,True,,False,False,,
roxburgh_partner_2025,Journal Article,True,True,,False,False,,
jagadish_scaling_2024,Journal Article,True,True,,False,False,,
mills_scaling_2025,Journal Article,True,True,,False,False,,
techera_status_2009,Book,True,True,,False,False,,
caillaud_tabus_2004,Journal Article,True,True,,False,False,,
song_pacific_2019,Journal Article,True,True,,False,False,,
vierros_traditional_2010,Book,True,True,,False,False,,
seebens_trends_2023,Book Chapter,True,True,,False,False,,
aalbersberg_village_2005,Journal Article,True,True,,False,False,,
esmail_whats_2023,Journal Article,True,True,,False,False,,
shields_achieving_2022,Journal Article,True,True,,False,False,,
saunders_addressing_2016,Journal Article,True,True,,False,False,,
veitayaki_assisting_2005,Journal Article,True,True,,False,False,,
davis_cheminform_2010,Journal Article,True,True,,False,False,,
govan_community_2009,Report,True,True,,False,False,,
tawake_community-based_2004,Report,True,True,,False,False,,
waqairatu-waqainabete_fijian_2019,Journal Article,True,True,,False,False,,
barrington_fostering_2017,Report,True,True,,False,False,,
shields_policy_2017,Report,True,True,,False,False,,
shields_policy_2017-1,Report,True,True,,False,False,,
barrington_programming_2017,Report,True,True,,False,False,,
sridharan_programming_2017,Report,True,True,,False,False,,
barrington_programming_2017-1,Report,True,True,,False,False,,
souter_research_2017,Report,True,True,,False,False,,
tamata_rewa_2010,Report,True,True,,False,False,,
hair_sandfish_2011,Journal Article,True,True,,False,False,,
thomas_shining_2021,Journal Article,True,True,,False,False,,
techera_status_2009-1,Report,True,True,,False,False,,
prakash_temporal_2020,Journal Article,True,True,,False,False,,
thomas_valuing_2020,Journal Article,True,True,,False,False,,
ryan_they_2025,Journal Article,True,True,,False,False,,
mccabe_comparison_2006,Journal Article,True,True,,False,False,,
elliott_sweet_2023,Journal Article,True,True,,False,False,,
waqa_adolescents_2015,Journal Article,True,True,,False,False,,
loo_asia-pacific_2022,Journal Article,True,True,,False,False,,
waqa_assessing_2024,Journal Article,True,True,,False,False,,
ryan_attitudes_2026,Journal Article,True,True,,False,False,,
bell_barriers_2021,Journal Article,True,True,,False,False,,
mccabe_body_2009,Journal Article,True,True,,False,False,,
mccabe_body_2006,Journal Article,True,True,,False,False,,
wilson_country_2023,Report,True,True,,False,False,,
waqa_embedding_2012,Journal Article,True,True,,False,False,,
palu_energy_2024,Journal Article,True,True,,False,False,,
waqa_factors_2017,Journal Article,True,True,,False,False,,
webster_food_2023,Journal Article,True,True,Serua,False,False,verified,
mckenzie_gender_2022,Journal Article,True,True,,False,False,,
national_public_health_agencies_governance_learning_network_governance_2025,Journal Article,True,True,,False,False,,
waqa_health-related_2012,Journal Article,True,True,,False,False,,
waqa_import_2019,Journal Article,True,True,,False,False,,
mckenzie_incorporating_2022,Journal Article,True,True,,False,False,,
waqa_knowledge_2013,Journal Article,True,True,,False,False,,
mavoa_knowledge_2012,Journal Article,True,True,,False,False,,
kremer_knowledge-exchange_2017,Journal Article,True,True,,False,False,,
mounsey_lessons_2023,Journal Article,True,True,,False,False,,
waqa_nutrition_2019,Journal Article,True,True,,False,False,,
shahid_packaged_2021,Journal Article,True,True,,False,False,,
waqa_participants_2013,Journal Article,True,True,,False,False,,
ryan_prevalence_2026,Journal Article,True,True,,False,False,,
waqa_process_2013,Journal Article,True,True,,False,False,,
ryan_proportion_2024,Journal Article,True,True,,False,False,,
kremer_reducing_2011,Journal Article,True,True,,False,False,,
patay_research_2022,Journal Article,True,True,,False,False,,
silatolu_salt_2024,Journal Article,True,True,,False,False,,
ryan_social_2021,Journal Article,True,True,,False,False,,
mccabe_socio-cultural_2011,Journal Article,True,True,,False,False,,
waqa_sociocultural_2006,Journal Article,True,True,,False,False,,
mccabe_sociocultural_2011,Journal Article,True,True,,False,False,,
mounsey_strengthening_2022,Journal Article,True,True,,False,False,,
mounsey_strengthening_2022-1,Journal Article,True,True,,False,False,,
elliott_sugar_2025,Journal Article,True,True,,False,False,,
utter_association_2013,Journal Article,True,True,,False,False,,
khan_cross-sectional_2016,Journal Article,True,True,,False,False,,
thow_effect_2019,Journal Article,True,True,,False,False,,
swinburn_pacific_2011,Journal Article,True,True,,False,False,,
mccabe_pursuit_2008,Journal Article,True,True,,False,False,,
schoeller_relationship_2020,Journal Article,True,True,,False,False,,
petersen_relationship_2014,Journal Article,True,True,,False,False,,
mccabe_role_2013,Journal Article,True,True,,False,False,,
reeve_tide_2022,Journal Article,True,True,,False,False,,
waqa_utility_2014,Journal Article,True,True,,False,False,,
palu_ultra-processed_2025,Journal Article,True,True,,False,False,,
meessen_when_2024,Journal Article,True,True,,False,False,,
wang_ribosomally_2022,Journal Article,True,True,,False,False,,
maglangit_accraspiroketides_2024,Journal Article,True,True,,False,False,,
adaba_accurate_2016,Journal Article,True,True,,False,False,,
al_maqbali_acetylenic_2025,Journal Article,True,True,,False,False,verified,verified Fiji rows exist but no province recorded
quintana_almiramide_2014,Journal Article,True,True,,False,False,,
houssen_efficient_2014,Journal Article,True,True,,False,False,,
oliveira_anthelmintic_2025,Journal Article,True,True,,False,False,,
tabudravu_anticancer_2005,Journal Article,True,True,,False,False,,
tedesco_antimicrobial_2016,Journal Article,True,True,,False,False,,
oluwabusola_antiparasitic_2020,Journal Article,True,True,,False,False,,
tabudravu_axinellin_2002,Journal Article,True,True,,False,False,,
huang_biosynthesis_2015,Journal Article,True,True,,False,False,,
suzuki_bisprasin_1999,Journal Article,True,True,,False,False,,
kyeremeh_butremycin_2014,Journal Article,True,True,,False,False,,
kyeremeh_butrepyrazinone_2014,Journal Article,True,True,,False,False,,
ojah_chemical_2019,Journal Article,True,True,,False,False,,
wang_chemical_2021,Journal Article,True,True,,False,False,,
dzeha_clionasterol_2003,Journal Article,True,True,,False,False,,
tabudravu_conformational_2005,Journal Article,True,True,,False,False,,
folmer_correction_2008,Journal Article,True,True,,False,False,,
wang_deletion_2018,Journal Article,True,True,,False,False,,
juhasz_dermacozine_2021,Journal Article,True,True,,False,False,,
huang_discovery_2015,Journal Article,True,True,,False,False,,
koshy_effect_2006,Journal Article,True,True,,False,False,,
tabudravu_enteromorpha_2002,Journal Article,True,True,,False,False,,
liu_enzymatic_2019,Journal Article,True,True,,False,False,,
alonso_evaluation_2016,Journal Article,True,True,,False,False,,
fouad_exploring_2024,Journal Article,True,True,,False,False,,
gangaiya_heavy_2001,Journal Article,True,True,,False,False,,
wang_identification_2013,Journal Article,True,True,,False,False,,
sanchez_identification_2016,Journal Article,True,True,,False,False,,
urbaniak_identification_2006,Journal Article,True,True,,False,False,,
oluwabusola_inhibition_2022,Journal Article,True,True,,False,False,,
folmer_inhibition_2006,Journal Article,True,True,,False,False,,
maglangit_isolation_2025,Journal Article,True,True,,False,False,,
moronkola_isolation_2021,Journal Article,True,True,,False,False,,
tabudravu_lc-hrms-database_2019,Journal Article,True,True,,False,False,,
rateb_legonaridin_2015,Journal Article,True,True,,False,False,,
wright_marine_2008,Journal Article,True,True,,False,False,,
tabudravu_ms_2020,Journal Article,True,True,,False,False,,
takahashi_natural_2015,Journal Article,True,True,,False,False,,
stierhof_new_2016,Journal Article,True,True,,False,False,,
schumacher_new_2012,Journal Article,True,True,,False,False,,
folmer_nf-b-inhibiting_2008,Journal Article,True,True,,False,False,,
rateb_nmr_2016,Book Chapter,True,True,,False,False,,
oltmans_ozone_2001,Journal Article,True,True,,False,False,,
alvarino_psammaplin_2024,Journal Article,True,True,,False,False,,
tabudravu_psammaplin_2002,Journal Article,True,True,,False,False,,
sonnenschein_pseudochelin_2017,Journal Article,True,True,,False,False,,
tabudravu_purealidin_2002,Journal Article,True,True,,False,False,,
sanchez_spongionella_2016,Journal Article,True,True,,False,False,,
tabudravu_stelliferin_2001,Journal Article,True,True,,False,False,,
chervin_targeted_2017,Journal Article,True,True,,False,False,,
alvarino_tavarua_2021,Journal Article,True,True,,False,False,,
tadesse_antibacterial_2011,Journal Article,True,True,,False,False,,
tabudravu_drug_2006,Report,True,True,,False,False,,
folmer_inhibition_2009,Journal Article,True,True,,False,False,,
wang_tianchimycins_2013,Journal Article,True,True,,False,False,,
copmans_treatment_2019,Other,False,True,,False,False,,dropped: publication type 'Other' not in C2 include-set
tabudravu_two_2002,Journal Article,True,True,,False,False,,
tabudravu_wainunuamide_2001,Journal Article,True,True,,False,False,,
abdel-mageed_whole_2020,Journal Article,True,True,,False,False,,
copmans_zebrafish-based_2018,Journal Article,True,True,,False,False,,
wijesinha-bettoni_demand-side_2019,Journal Article,True,True,,False,False,,
malik_factors_2020,Journal Article,True,True,,False,False,,
charlson_implementation_2019,Journal Article,True,False,,False,False,,
win_tin_insights_2020,Journal Article,True,False,,False,False,,
rinamalo_lot_2020,Journal Article,True,False,,False,False,,
narube_pregnancy_2016,Journal Article,True,False,,False,False,,
win_tin_scaling_2022,Journal Article,True,True,,False,False,,
win_tin_strategic_2021,Journal Article,True,True,,False,False,,
win_tin_tackling_2024,Journal Article,True,True,,False,False,,
win_tin_pacifics_2026,Journal Article,True,True,,False,False,,
ravuvu_quell_2021,Journal Article,True,True,,False,False,,
marinov_illustrated_2013,Book,True,True,,False,False,verified,verified Fiji rows exist but no province recorded
prasad_butterflies_2007,Book,True,True,,False,False,,
tuiwawa_colo-i-suva_2018,Book,True,True,,False,False,,
challies_safeguarding_2024,Book Chapter,True,True,,False,False,,
iese_thirst_2024,Book Chapter,True,True,,False,False,,legacy Tagged Fiji? = Yes but no Research Geography row
roque_insect_2024,Book Chapter,True,True,,False,False,,
waqa-sakiti_insects_2009,Book Chapter,True,True,,False,False,,
waqa-sakiti_chapter_2013,Book Chapter,True,True,,False,False,,
waqa-sakiti_insects_2013,Book Chapter,True,True,,False,False,,
waqa-sakiti_insects_2009-1,Book Chapter,True,True,,False,False,,
amato-ali_food_2025,Journal Article,True,True,,False,False,,
amato-ali_postharvest_2026,Journal Article,True,True,,False,False,,
amato-ali_impacts_2025,Journal Article,True,True,,False,False,,
amato-ali_postharvest_2026-1,Journal Article,True,True,,False,False,,
bohm_catalyzing_2022,Journal Article,True,False,,False,False,,
dayal_integrated_2022,Journal Article,True,True,,False,False,,
dorevella_climate_2021,Journal Article,True,True,,False,False,,
henrich_mobilize_2026,Journal Article,True,True,,False,False,,
henrich_unlocking_2026,Journal Article,True,True,,False,False,,
metherall_field_2025,Journal Article,True,True,,False,False,,
metherall_gef_2023,Journal Article,True,True,,False,False,,
murphy_responding_2026,Journal Article,True,True,,False,False,,
prasad_analysis_2022,Journal Article,True,True,,False,False,,
rashni_fijian_2023,Journal Article,True,True,,False,False,,
rivas-torres_nesobasis_2021,Journal Article,True,True,,False,False,,
tothova_mangrove-integrated_2026,Journal Article,True,True,,False,False,,
tuiwawa_white_2023,Journal Article,True,True,,False,False,,
waqa-sakiti_entomology_2007,Journal Article,True,True,,False,False,,
waqa-sakiti_two_2009,Journal Article,True,True,,False,False,,
waqa-sakiti_patterns_2014,Journal Article,True,True,,False,False,,
waqa-sakiti_distribution_2018,Journal Article,True,False,,False,False,,
waqa-sakiti_diversity_2012,Journal Article,True,True,,False,False,,
waqa-sakiti_review_2015,Journal Article,True,True,,False,False,,
aalbersberg_ecosystem_2012,Report,True,True,,False,False,,
aguila_gis_2016,Report,True,True,,False,False,,
tuiwawa_rapid_2013,Report,True,True,,False,False,,
tuiwawa_rapid_2010,Report,True,True,,False,False,verified,verified Fiji rows exist but no province recorded
waqa-sakiti_baseline_2008,Report,True,True,,False,False,verified,verified Fiji rows exist but no province recorded
waqa-sakiti_drawa_2018,Report,True,True,,False,False,,
waqa-sakiti_entomology_2011,Report,True,True,,False,False,,
waqa-sakiti_assessment_2017,Report,True,True,,False,False,,
waqa-sakiti_rapid_2013,Report,True,True,,False,False,verified,verified Fiji rows exist but no province recorded
morrison_fijis_1992,Book,True,False,,False,False,,
fui_fishing_2004,Book Chapter,True,True,,False,False,,
clements_effects_2012,Journal Article,True,True,,False,False,,
dong_dissimilatory_2011,Journal Article,True,True,Naitasiri,False,False,verified,
lowery_distribution_1999,Journal Article,True,True,,False,False,verified,verified Fiji rows exist but no province recorded
morrison_trace_1997,Journal Article,True,True,,False,False,,
morrison_fijis_1999,Journal Article,True,True,Kadavu,False,False,verified,
ram_harvesting_2014,Journal Article,True,True,,False,False,,
ram_impacts_2010,Journal Article,True,True,,False,False,,
tonga_local_2000,Journal Article,True,True,,False,False,,
yokohama_photosynthesis-light_1989,Journal Article,True,True,,False,False,,
zann_recruitment_1987,Journal Article,True,True,,False,False,,
kubuabola_environmental_1996,Report,True,True,,False,False,,
lam_initial_1990,Report,True,True,,False,False,,
monty_regional_2016,Report,True,True,,False,False,,
naidu_water_1991,Report,True,True,,False,False,,
naqasima-sobey_rapid_2021,Report,True,True,,False,False,,
nunn_recent_1993,Report,True,True,,False,False,,
nunn_environmental_1994,Report,True,True,,False,False,,
wilson_political_2022,Report,True,True,,False,False,,
naqasima-sobey_investigation_1996,Master's Thesis,True,True,,False,False,,
naikatini_mammals_2008,Report,True,True,,False,False,verified,verified Fiji rows exist but no province recorded
vuki_fiji_2000,Book Chapter,True,True,,False,False,,
karyakin_processible_1999,Journal Article,True,False,,False,False,,
li_fluorescence_2011,Journal Article,True,False,,False,False,,
li_ultrasensitive_2013,Journal Article,True,False,,False,False,,
li_visual_2017,Journal Article,True,False,,False,False,,
shokri_reactive_2019,Journal Article,True,False,,False,False,,
vuki_ultramicroelectrode_1992,Journal Article,True,False,,False,False,,
vuki_redox_1993,Journal Article,True,False,,False,False,,
vuki_arsenic_2007,Journal Article,True,False,,False,False,,
vuki_simultaneous_2012,Journal Article,True,False,,False,False,,
wang_lab---cable_2000,Journal Article,True,False,,False,False,,
wang_novel_2012,Journal Article,True,False,,False,False,,
wei_metal-enhanced_2012,Journal Article,True,False,,False,False,,
vuki_study_1993,PhD Thesis,True,True,,False,False,,
dawson_proceedings_2019,Book,True,False,,False,False,,
finigan_proceedings_2019,Book,True,False,,False,False,,
finigan_proceedings_2020,Book,True,False,,False,False,,
vakaoti_street-frequenting_2018,Book,True,False,,False,False,,
mishra-vakaoti_understanding_2014,Book Chapter,True,False,,False,False,,
vakaoti_overview_2013,Book Chapter,True,True,,False,False,,
vakaoti_street-frequenting_2014,Book Chapter,True,False,,False,False,,
vakaoti_working_2015,Book Chapter,True,False,,False,False,,
vakaoti_fiji_2016,Book Chapter,True,False,,False,False,,
vakaoti_young_2019,Book Chapter,True,False,,False,False,,
crump_health_2023,Journal Article,True,True,,False,False,,
vakaoti_researching_2009,Journal Article,True,False,,False,False,,
vakaoti_church-based_2010,Journal Article,True,False,,False,False,,
vakaoti_young_2013,Journal Article,True,False,,False,False,,
vakaoti_young_2017,Journal Article,True,False,,False,False,,
vakaoti_young_2017-1,Journal Article,True,False,,False,False,,
vakaoti_review_2022,Journal Article,True,True,,False,False,,
vakaoti_special_2022,Journal Article,True,False,,False,False,,
young_supporting_2025,Journal Article,True,False,,False,False,,
vakaoti_mapping_2012,Report,True,False,,False,False,,
vakaoti_young_2014,Report,True,False,,False,False,,
baba_na_2013,Book,True,True,,False,False,,legacy Tagged Fiji? = Yes but no Research Geography row
baba_researching_2004,Book,True,True,,False,False,,
field_speight_2005,Book,True,True,,False,False,,legacy Tagged Fiji? = Yes but no Research Geography row
nabobo-baba_pacific_2008,Book,True,True,,False,False,,legacy Tagged Fiji? = Yes but no Research Geography row
nabobo-baba_education_2010,Book,True,True,,False,False,,
nabobo-baba_covid-19_2023,Book,True,True,,False,False,,legacy Tagged Fiji? = Yes but no Research Geography row
nabobo-baba_rural_2012,Book,True,True,Macuata,False,False,verified,
otunuku_waves_2014,Book,True,True,,False,False,,
toren_living_2015,Book,True,False,,False,False,,
vaai_relational_2017,Book,True,True,,False,False,,
kundra_assessment_2023,Book Chapter,True,True,,False,False,,
nabobo-baba_mutual_2015,Book Chapter,True,True,,False,False,,
underwood_micronesia_2015,Book Chapter,True,True,,False,False,,
baba_dei_2021,Journal Article,True,True,,False,False,,
field_speight_2008,Journal Article,True,True,,False,False,,
kundra_fijian_2025,Journal Article,True,True,,False,False,,
kundra_perceiving_2025,Journal Article,True,True,,False,False,,
lal_speight_2007,Journal Article,True,False,,False,False,,
nabobo_baba_letter_2022,Journal Article,True,True,,False,False,,
nabobo-baba_transformations_2013,Journal Article,True,True,,False,False,,
sanga_keynote-as-storied-discussion_2020,Journal Article,True,True,,False,False,,
hardy_humanising_2022,Journal Article,True,True,,False,False,,
scheyvens_indigenous_2021,Journal Article,True,True,,False,False,,
cheer_tourism_2018,Journal Article,True,True,,False,False,,
movono_solesolevaki_2018,Journal Article,True,True,Nadroga/Navosa,False,False,verified,
movono_female_2017,Journal Article,True,True,Nadroga/Navosa,False,False,verified,
pratt_tribal_2013,Journal Article,True,True,,False,False,,
mclennan_frayed_2026,Journal Article,True,True,Fiji - no province specified,True,False,verified,
movono_silver_2022,Journal Article,True,True,,False,False,,
scheyvens_spiritual_2024,Journal Article,True,True,,False,False,,
torre_parra_pacific_2023,Journal Article,True,True,,False,False,,legacy Tagged Fiji? = Yes but no Research Geography row
movono_tourism_2021,Book Chapter,True,True,,False,False,,legacy Tagged Fiji? = Yes but no Research Geography row
scheyvens_enhanced_2023,Journal Article,True,True,,False,False,,
puig-cabrera_review_2026,Journal Article,True,True,,False,False,,
movono_wayfinding_2023,Book Chapter,True,True,,False,False,,
pratt_gross_2016,Journal Article,True,True,,False,False,,
movono_fijian_2018,Journal Article,True,True,Nadroga/Navosa,False,False,verified,
movono_tourism_2022,Journal Article,True,True,,False,False,,legacy Tagged Fiji? = Yes but no Research Geography row
scheyvens_pacific_2023,Journal Article,True,True,,False,False,,
movono_adapting_2022,Journal Article,True,True,,False,False,,
movono_tourism_2023,Book Chapter,True,True,,False,False,,legacy Tagged Fiji? = Yes but no Research Geography row
mika_tourism_2025,Book Chapter,True,True,,False,False,,
movono_adapting_2015,Book Chapter,True,True,Nadroga/Navosa,False,False,verified,
movono_conceptualizing_2018,Book Chapter,True,True,,False,False,,legacy Tagged Fiji? = Yes but no Research Geography row
cheer_tourism_2018-1,Book,True,False,,False,False,,
movono_for_2021,Journal Article,True,True,,False,False,,
movono_mana_2021,Book,True,True,,False,False,,
scheyvens_as_2022,Journal Article,True,True,,False,False,,
cammock_strengthening_2021,Journal Article,True,True,Rewa,False,False,verified,
conn_re-thinking_2021,Journal Article,True,True,,False,False,,
cammock_individual_2021,Journal Article,True,True,,False,False,,
conn_fijian_2021,Journal Article,True,False,,False,False,,
tautolo_life_2025,Journal Article,True,False,,False,False,,
vaka_comparing_2020,Journal Article,True,True,,False,False,,
cammock_family_2017,Journal Article,True,True,,False,False,,
conn_our_2020,Journal Article,True,False,,False,False,,
conn_healthy_2021,Journal Article,True,False,,False,False,,
nair_7th_2021,Journal Article,True,False,,False,False,,
conn_transforming_2021,Journal Article,True,True,,False,False,,
cammock_pacific_2023,Journal Article,True,True,,False,False,,
conn_countering_2021,Journal Article,True,False,,False,False,,
cammock_promoting_2022,Journal Article,True,True,,False,False,,
conn_food_2026,Other,False,False,,False,False,,dropped: publication type 'Other' not in C2 include-set
kama_sustained_2019,Journal Article,True,True,,False,False,,legacy Tagged Fiji? = Yes but no Research Geography row
hunsperger_use_2016,Journal Article,True,False,,False,False,,
pastula_investigation_2017,Journal Article,True,False,,False,False,,
henderson_interactions_2021,Journal Article,True,True,Fiji - no province specified,True,False,verified,
nayasi_readiness_2022,Journal Article,True,True,,False,False,verified,verified Fiji rows exist but no province recorded
tulomana_climate_2025,Journal Article,True,True,,False,False,verified,verified Fiji rows exist but no province recorded
dayal_when_2020,Journal Article,True,False,,False,False,,
sims_were_2016,Journal Article,True,False,,False,False,,
tiko_indigenous_2009,Book Chapter,True,True,,False,False,,
tiko_early_2021,Book Chapter,True,False,,False,False,,
tiko_creating_2017,Journal Article,True,False,,False,False,,
sims_what_2018,Journal Article,True,False,,False,False,,
tiko_professional_2015,Book Chapter,True,False,,False,False,,
tiko_professional_2015-1,Book Chapter,True,False,,False,False,,
tiko_professional_2015-2,Book Chapter,True,False,,False,False,,
tiko_understanding_2013,Journal Article,True,False,,False,False,,
sims_neoliberalism_2019,Journal Article,True,False,,False,False,,
tiko_role_2008,Book Chapter,True,False,,False,False,,
tiko_growing_2008,Book Chapter,True,True,,False,False,verified,verified Fiji rows exist but no province recorded
tiko_teaching_2007,Book Chapter,True,False,,False,False,,
scott-parker_pacific_2017,Journal Article,True,False,,False,False,,
sims_infant_2018,Journal Article,True,False,,False,False,,
tiko_asia-pacific_2016,Report,True,False,,False,False,,
tiko_child_2021,Book,True,False,,False,False,,
pradhan_assessing_2024,Journal Article,True,False,,False,False,,
rosser_seroprevalence_2025,Journal Article,True,False,,False,False,,
leder_study_2021,Journal Article,True,False,,False,False,,
french_informal_2020,Journal Article,True,False,,False,False,,
french_planetary_2021,Journal Article,True,False,,False,False,,
devi_screen_2022,Journal Article,True,False,,False,False,,
turagabeci_family_2007,Journal Article,True,False,,False,False,,
devi_prevalence_2022,Journal Article,True,False,,False,False,,
brown_accelerating_2026,Journal Article,True,False,,False,False,,
nakajima_barriers_2014,Journal Article,True,False,,False,False,,
leal_filho_effective_2024,Journal Article,True,False,,False,False,,
elisala_exploring_2020,Journal Article,True,False,,False,False,,
turagabeci_healthy_2008,Journal Article,True,False,,False,False,,
french_responsible_2024,Journal Article,True,False,,False,False,,
hilly_review_2024,Journal Article,True,False,,False,False,,
lappan_monitoring_2021,Journal Article,True,False,,False,False,,
kaloumaira_artificial_2023,Book Chapter,True,False,,False,False,,
varo_urban_2026,Book Chapter,True,True,,False,False,verified,verified Fiji rows exist but no province recorded
bernard_participatory_2025,Journal Article,True,False,,False,False,,
kalantari_informal_2024,Journal Article,True,False,,False,False,,
matatolu_tourism_2019,Journal Article,True,True,,False,False,,legacy Tagged Fiji? = Yes but no Research Geography row
matatolu_critical_2020,Journal Article,True,True,,False,False,,legacy Tagged Fiji? = Yes but no Research Geography row
matatolu_fiji_2002,Report,True,True,,False,False,,legacy Tagged Fiji? = Yes but no Research Geography row
matatolu_fiji_2003,Report,True,True,,False,False,,legacy Tagged Fiji? = Yes but no Research Geography row
matatolu_fiji_2003-1,Report,True,True,,False,False,,legacy Tagged Fiji? = Yes but no Research Geography row
matatolu_fiji_2004,Report,True,True,,False,False,,legacy Tagged Fiji? = Yes but no Research Geography row
matatolu_travel_2008,Report,True,True,,False,False,,legacy Tagged Fiji? = Yes but no Research Geography row
matatolu_applying_2026,Journal Article,True,True,,False,False,,legacy Tagged Fiji? = Yes but no Research Geography row
trupp_representing_2022,Journal Article,True,True,,False,False,,
trupp_gender_2021,Book Chapter,True,True,,False,False,,legacy Tagged Fiji? = Yes but no Research Geography row
apolonia_fijian_2003,Journal Article,True,True,,False,False,,legacy Tagged Fiji? = Yes but no Research Geography row
apolonia_potentials_2022,Journal Article,True,True,,False,False,,
carss_catering_2015,Journal Article,True,True,,False,False,,
mut_focus_2026,Journal Article,True,True,,False,False,,
tamata_na_2015,Book,True,False,,False,False,,legacy Tagged Fiji? = Yes but no Research Geography row
tamata_lakovi_2011,Book,True,False,,False,False,,legacy Tagged Fiji? = Yes but no Research Geography row
tamata_na_2015-1,Book,True,False,,False,False,,legacy Tagged Fiji? = Yes but no Research Geography row
vakaoti_sociology_2024,Conference Paper,False,True,,False,False,,dropped: publication type 'Conference Paper' not in C2 include-set
tuimalealiifano_bridging_2024,Report,True,True,,False,False,,
kanemasu_foregrounding_2021,Journal Article,True,False,,False,False,,
rakuita_ideology_2024,Journal Article,True,False,,False,False,,
rakuita_living_2007,Book,True,False,,False,False,,
patrick_negotiating_2005,Report,True,False,,False,False,,
gibbs_proceedings_2023,Book,True,False,,False,False,,
gibbs_proceedings_2024,Book,True,False,,False,False,,
rakuita_radicalising_2014,PhD Thesis,True,False,,False,False,,
rakuita_taukeivulagi_2002,Journal Article,True,False,,False,False,,
rakuita_notion_2017,Journal Article,True,False,,False,False,,
rakuita_who_2025,Journal Article,True,False,,False,False,,
bako_determinants_2025,Journal Article,True,False,,False,False,,
bako_diabetes_2024,Journal Article,True,False,,False,False,,
bako_diabetes_2025,Journal Article,True,False,,False,False,,
bako_identifying_2023,Journal Article,True,False,,False,False,,
bako_its_2026,PhD Thesis,True,False,,False,False,,
bako_knowledge_2021,Journal Article,True,False,,False,False,,
bayanivalu_non-adherence_2025,Journal Article,True,False,,False,False,,
bako_what_2025,Journal Article,True,False,,False,False,,
naduva_chemical_2006,Journal Article,True,True,Fiji - no province specified,True,False,verified,
naduva_geriatric_2007,Journal Article,True,True,Rewa,False,False,verified,
bulamainaivalu_iatrogenic_2004,Book,True,True,,False,False,,
naduva_reporting_2022,Journal Article,True,True,Fiji - no province specified,True,False,verified,
naduva_societal_2022,Report,True,True,Fiji - no province specified,True,False,verified,
sika-paotonu_benzathine_2025,Journal Article,True,False,,False,False,,
bhagavan_cannabinoids_2020,Journal Article,True,False,,False,False,,
shortt_efficacy_2022,Journal Article,True,False,,False,False,,
vakalalabure_thinking_2023,Other,False,False,,False,False,,dropped: publication type 'Other' not in C2 include-set
narayan_towards_2025,Journal Article,True,False,,False,False,,
reyburn_single_2023,Journal Article,True,False,,False,False,,
sarfati_cancer_2019,Journal Article,True,False,,False,False,,
ekeroma_cancer_2019,Journal Article,True,False,,False,False,,
toh_cellular_2018,Journal Article,True,False,,False,False,,
kuehn_cervical_2012,Journal Article,True,False,,False,False,,
fong_cervical_2014,Journal Article,True,False,,False,False,,
fuka_factors_2020,Journal Article,True,False,,False,False,,
tabrizi_human_2011,Journal Article,True,False,,False,False,,
raman_improving_2015,Journal Article,True,False,,False,False,,
bythell_maternal_2014,Journal Article,True,False,,False,False,,
parks_population-based_2023,Journal Article,True,False,,False,False,,
ram_prevalence_2018,Journal Article,True,False,,False,False,,
hume-nixon_prevention_2022,Journal Article,True,False,,False,False,,
toh_reduced_2015,Journal Article,True,False,,False,False,,
toh_selective_2019,Journal Article,True,False,,False,False,,
toh_sustained_2017,Journal Article,True,False,,False,False,,
hume-nixon_efficacy_2026,Journal Article,True,False,,False,False,,
law_high_2013,Journal Article,True,False,,False,False,,
washington_prevalence_2008,Journal Article,True,False,,False,False,,
hume-nixon_safety_2025,Journal Article,True,False,,False,False,,
kaufman_training_2024,Journal Article,True,True,,False,False,,
russell_invasive_2010,Journal Article,True,False,,False,False,,
dunn_laboratory-based_2005,Journal Article,True,False,,False,False,,
graham_sample_2021,Journal Article,True,False,,False,False,,
jenney_burden_2009,Journal Article,True,False,,False,False,,
jenney_clinical_2014,Journal Article,True,False,,False,False,,
singh_high_2008,Journal Article,True,False,,False,False,,
lin_towards_2022,Journal Article,True,False,,False,False,,
parks_ps281_2016,Journal Article,True,False,,False,False,,
gavidi_comparing_2014,Journal Article,True,True,,False,False,verified,verified Fiji rows exist but no province recorded
gavidi_comparing_2013,Conference Paper,False,True,,False,False,,dropped: publication type 'Conference Paper' not in C2 include-set
rich_diagnosis_2023,Journal Article,True,True,,False,False,,legacy Tagged Fiji? = Yes but no Research Geography row
gavidi_dual_2012,Conference Paper,False,True,,False,False,,dropped: publication type 'Conference Paper' not in C2 include-set
gavidi_epidemiological_2014,Journal Article,True,True,,False,False,,
gavidi_epidermiologic_2016,Journal Article,True,True,,False,False,,
lakshmikantha_decolonisation_2026,Journal Article,True,True,,False,False,,
gavidi_oral_2015,Journal Article,True,True,,False,False,,
yakin_oral_2017,Journal Article,True,True,,False,False,,
gavidi_oral_2012,Conference Paper,False,True,,False,False,,dropped: publication type 'Conference Paper' not in C2 include-set
dean_prevalence_2022,Journal Article,True,True,,False,False,,legacy Tagged Fiji? = Yes but no Research Geography row
lakshmikantha_revolutionizing_2025,Journal Article,True,True,,False,False,,legacy Tagged Fiji? = Yes but no Research Geography row
nambiar_tobacco_2020,Journal Article,True,True,,False,False,,legacy Tagged Fiji? = Yes but no Research Geography row
waqa_five_2013,Report,True,False,,False,False,,
waqa_braf_2020,Journal Article,True,False,,False,False,,
waqa_braf_2019,PhD Thesis,True,False,,False,False,,
waqa_importance_2019,Journal Article,True,False,,False,False,,
seniloli_study_2002,Report,True,False,,False,False,,
seniloli_family_1989,Report,True,False,,False,False,,
seniloli_fertility_1998,Book Chapter,True,False,,False,False,,
seniloli_fertility_1994,Journal Article,True,True,,False,False,,
seniloli_fiji_1993,Book Chapter,True,False,,False,False,,
seniloli_fijis_2007,Book Chapter,True,False,,False,False,,
chandra_journeys_2006,Report,True,False,,False,False,,
seniloli_living_2014,Journal Article,True,False,,False,False,,
seniloli_mortality_1998,Book Chapter,True,False,,False,False,,
seniloli_mortality_2002,Book Chapter,True,False,,False,False,,
narsey_population_2010,Book,True,False,,False,False,,
barr_poverty_2009,Journal Article,True,False,,False,False,,
seniloli_report_1996,Report,True,True,,False,False,,
seniloli_reproductive_2002,Report,True,True,,False,False,,
seniloli_reproductive_2002-1,Report,True,True,,False,False,,
seniloli_reproductive_2002-2,Report,True,True,,False,False,,
seniloli_sexual_2003,Report,True,True,,False,False,,
seniloli_sexual_2002,Book,True,True,,False,False,,
seniloli_sexual_2002-1,Report,True,True,,False,False,,
lutu_fijian_2017,Report,True,True,,False,False,,
seniloli_health_2015,Journal Article,True,False,,False,False,,
seniloli_socio-economic_1992,PhD Thesis,True,False,,False,False,,
seniloli_they_2005,Journal Article,True,False,,False,False,,
seniloli_take_2006,Book Chapter,True,False,,False,False,,
seniloli_working_2016,Journal Article,True,False,,False,False,,
daunivalu_organisational_1992,PhD Thesis,True,False,,False,False,,
leweni_protocol_1996,PhD Thesis,True,False,,False,False,verified,verified Fiji rows exist but no province recorded
sundar_cross-sectional_2025,Journal Article,True,False,,False,False,,
qin_assessment_2023,Journal Article,True,False,,False,False,,
qin_building_2022,Journal Article,True,False,,False,False,,
roa_climate_2020,Journal Article,True,False,,False,False,,
guest_collecting_2017,Journal Article,True,False,,False,False,,
tuivanualevu_avocado_2025,Journal Article,True,True,,False,False,,
leweniqila_golden_2026,Journal Article,True,True,,False,False,,
shah_ornamental_2026,Journal Article,True,True,,False,False,,
clause_all_2018,Journal Article,True,False,,False,False,,
clause_candoia_2017,Journal Article,True,False,,False,False,,
fisher_community-based_2019,Book Chapter,True,False,,False,False,,
keppel_composition_2009,Journal Article,True,False,,False,False,,
morrison_critically_2009,Journal Article,True,True,Bua,False,False,verified,
morrison_diet_2007,Journal Article,True,True,Bua,False,False,verified,
taoi_distribution_2022,Book Chapter,True,False,,False,False,,
lowe_fijian_2022,Journal Article,True,True,,False,False,,
thomas_herpetofauna_2009,Book Chapter,True,True,,False,False,verified,verified Fiji rows exist but no province recorded
morrison_importance_2004,Journal Article,True,False,,False,False,,
mangubhai_increasing_2025,Journal Article,True,True,,False,False,,
keppel_local_2015,Journal Article,True,True,,False,False,,
morrison_rediscovery_2004,Journal Article,True,False,,False,False,,
thomas_spatial_2011,Journal Article,True,False,,False,False,,
osborne-naikatini_distribution_2013,Journal Article,True,True,,False,False,verified,verified Fiji rows exist but no province recorded
knapp_global_2021,Journal Article,True,False,,False,False,,
keppel_threat_2022,Journal Article,True,False,,False,False,,
veisa_marketing_2018,Report,True,True,,False,False,,
veisa_marketing_2018-1,Report,True,True,,False,False,,
veisa_marketing_2018-2,Report,True,True,,False,False,,
veisa_marketing_2018-3,Report,True,True,,False,False,,
veisa_marketing_2018-4,Report,True,True,,False,False,,
veisa_marketing_2018-5,Report,True,True,,False,False,,
veisa_relevance_2025,Journal Article,True,True,,False,False,,
iese_agriculture_2020,Book Chapter,True,True,,False,False,,
iese_loss_2024,Book Chapter,True,True,,False,False,,legacy Tagged Fiji? = Yes but no Research Geography row
haynes_interventions_2025,Journal Article,True,True,,False,False,,
iese_historical_2021,Journal Article,True,True,,False,False,,
iese_impacts_2021,Journal Article,True,True,,False,False,,
iese_food_2016,Report,True,True,,False,False,,
iese_focus_2021,Report,True,True,,False,False,,
lagi_climate_2022,Report,True,True,,False,False,,
salvia_technical_2022,Report,True,True,,False,False,,
wairiu_assessing_2020,Report,True,True,,False,False,,
wairiu_assessing_2020-1,Report,True,True,,False,False,,
hammar_learning_2013,Journal Article,True,False,,False,False,,
hilly_pm25_2025,Journal Article,True,False,,False,False,,
knibbs_evidence_2019,Journal Article,True,False,,False,False,,
gucake_enhancing_2023,Report,True,False,,False,False,,
hammar_me_2011,Report,True,False,,False,False,,
fiu_vulnerability_2010,Report,True,False,,False,False,,
andradi-brown_status_2022,Report,True,False,,False,False,,
gilman_pacific_2006,Report,True,False,,False,False,,
giffin_incorporating_2025,Journal Article,True,False,,False,False,,
gilman_adapting_2006,Journal Article,True,False,,False,False,,
hoegh-guldberg_coral_2009,Report,True,False,,False,False,,
mcnamara_assessment_2020,Journal Article,True,False,,False,False,,
nunn_lapita_2004,Journal Article,True,False,,False,False,,
thaman_intsia_2006,Book Chapter,True,False,,False,False,,
nemani_training_2005,Report,True,False,,False,False,,
nemani_inventory_2005,Conference Paper,False,False,,False,False,,dropped: publication type 'Conference Paper' not in C2 include-set
nemani_pacific_2012,Book,True,False,,False,False,,
jacobs_engagement_2021,Conference Paper,False,True,,False,False,,dropped: publication type 'Conference Paper' not in C2 include-set
nemani_valenivanua_2014,Book Chapter,True,False,,False,False,,
smith_levuka_2012,Book Chapter,True,False,,False,False,,
ali_traditional_2025,Report,True,False,,False,False,,
tikoitoga_tu_2019,Conference Paper,False,False,,False,False,,dropped: publication type 'Conference Paper' not in C2 include-set
tuisuva_integration_2025,PhD Thesis,True,True,,False,False,,
nainoca_traditional_2005,Report,True,True,,False,False,verified,verified Fiji rows exist but no province recorded
shashtri_groundwater_2021,Conference Paper,False,False,,False,False,,dropped: publication type 'Conference Paper' not in C2 include-set
tuisuva_exploring_2020,Journal Article,True,True,,False,False,,
tuisuva_exploring_2023,Journal Article,True,True,Ba,False,False,verified,
vodo_valorization_2020,PhD Thesis,True,True,,False,False,,
bouhoute_formation_2020,Journal Article,True,False,,False,False,,
de_oliveira_felipe_formulation_2022,Journal Article,True,False,,False,False,,
feki_physicochemical_2023,Journal Article,True,False,,False,False,,
prasad_development_2025,Journal Article,True,False,,False,False,,
taarji_preparation_2020,Journal Article,True,False,,False,False,,
vodo_valorization_2019,Conference Paper,False,False,,False,False,,dropped: publication type 'Conference Paper' not in C2 include-set
vodo_fiji_2026,Book Chapter,True,False,,False,False,,
vodo_valorization_2016,Conference Paper,False,False,,False,False,,dropped: publication type 'Conference Paper' not in C2 include-set
vodo_teaching_2024,Conference Paper,False,False,,False,False,,dropped: publication type 'Conference Paper' not in C2 include-set
vodo_potential_2020,Journal Article,True,False,,False,False,,
vodo_conversion_2021,Journal Article,True,False,,False,False,,
rabuku_natural_2020,Journal Article,True,True,Ba,False,False,verified,
rabuku_farmers_2023,Journal Article,True,True,Tailevu,False,False,verified,
tanuku_enhancing_2024,Journal Article,True,True,Fiji - no province specified,True,False,verified,
savou_effects_2016,PhD Thesis,True,False,,False,False,,
aiono_evaluation_2024,Journal Article,True,True,,False,False,,
areta_effects_2025,Conference Paper,False,True,,False,False,,dropped: publication type 'Conference Paper' not in C2 include-set
iere_decomposability_2024,Conference Paper,False,True,,False,False,,dropped: publication type 'Conference Paper' not in C2 include-set
kader_evaluating_2025,Conference Paper,False,False,,False,False,,dropped: publication type 'Conference Paper' not in C2 include-set
kader_optimizing_2024,Conference Paper,False,False,,False,False,,dropped: publication type 'Conference Paper' not in C2 include-set
macdonald_soil_2025,Conference Paper,False,False,,False,False,,dropped: publication type 'Conference Paper' not in C2 include-set
rokomatu_influence_2023,Journal Article,True,True,,False,False,,legacy Tagged Fiji? = Yes but no Research Geography row
savou_influence_2015,Conference Paper,False,False,,False,False,,dropped: publication type 'Conference Paper' not in C2 include-set
savou_enhancement_2016,Conference Paper,False,False,,False,False,,dropped: publication type 'Conference Paper' not in C2 include-set
savou_production_2016,Conference Paper,False,False,,False,False,,dropped: publication type 'Conference Paper' not in C2 include-set
savou_pyrolysis_2019,Journal Article,True,False,,False,False,,
savou_nitrogen_2024,Conference Paper,False,True,,False,False,,dropped: publication type 'Conference Paper' not in C2 include-set
savou_nutrient_2022,Conference Paper,False,False,,False,False,,dropped: publication type 'Conference Paper' not in C2 include-set
savou_effects_2017,Conference Paper,False,False,,False,False,,dropped: publication type 'Conference Paper' not in C2 include-set
savou_tars_2017,Conference Paper,False,False,,False,False,,dropped: publication type 'Conference Paper' not in C2 include-set
savou_impacts_2018,Conference Paper,False,False,,False,False,,dropped: publication type 'Conference Paper' not in C2 include-set
savou_effects_2018,Conference Paper,False,False,,False,False,,dropped: publication type 'Conference Paper' not in C2 include-set
savou_effects_2020,Journal Article,True,False,,False,False,,
taungakava_influence_2024,Conference Paper,False,True,,False,False,,dropped: publication type 'Conference Paper' not in C2 include-set
savou_effect_2019,PhD Thesis,True,True,,False,False,,
varo_disaster_2021,PhD Thesis,True,True,,False,False,,
alam_assessment_2012,Report,True,False,,False,False,,
booth_fiji_1991,Report,True,False,,False,False,,
baba_evaluation_1979,PhD Thesis,True,False,,False,False,,
baba_developments_1988,Report,True,False,,False,False,,
baba_problems_1972,Report,True,False,,False,False,,
baba_rights_1972,Report,True,False,,False,False,,
baba_business_1989,Book,True,True,,False,False,,
baba_church_1973,Journal Article,True,False,,False,False,,
baba_third_1973,Journal Article,True,False,,False,False,,
baba_challenge_1979,Journal Article,True,False,,False,False,,
baba_political_1980,Journal Article,True,False,,False,False,,
baba_research_1980,Book Chapter,True,False,,False,False,,
baba_implications_1980,Journal Article,True,False,,False,False,,
baba_teachers_1980,Journal Article,True,False,,False,False,,
baba_curriculum_1981,Journal Article,True,False,,False,False,,
baba_education_1984,Journal Article,True,False,,False,False,,
baba_critical_1984,Journal Article,True,False,,False,False,,
baba_education_1985,Book Chapter,True,False,,False,False,,
baba_search_1985,Journal Article,True,False,,False,False,,
baba_fijian_1985,Journal Article,True,False,,False,False,,
baba_academic_1987,Journal Article,True,True,,False,False,,
baba_religious_1987,Journal Article,True,False,,False,False,,
baba_education_1988,Book Chapter,True,False,,False,False,,
baba_australias_1989,Journal Article,True,True,,False,False,,
baba_australian_1990,Journal Article,True,True,,False,False,,
baba_education_1991,Book Chapter,True,False,,False,False,,
baba_search_1992,Book Chapter,True,False,,False,False,,
baba_education_1996,Book Chapter,True,False,,False,False,,
baba_many_1996,Journal Article,True,False,,False,False,,
baba_higher_1997,Journal Article,True,False,,False,False,,
baba_teacher_1999,Journal Article,True,False,,False,False,,
baba_pacific_2004,Book Chapter,True,False,,False,False,,
baba_reflection_2008,Book Chapter,True,True,,False,False,,
baba_sustaining_2010,Book Chapter,True,True,,False,False,,
baba_south_1992,Book,True,True,,False,False,,
baba_development_1988,Book Chapter,True,False,,False,False,,
baba_student_1983,Journal Article,True,False,,False,False,,
bain_bavadra_1990,Book,True,True,,False,False,,
theivananthampillai_student_1984,Journal Article,True,False,,False,False,,
cegumalua_project_2017,Report,True,False,,False,False,,
boxer_rapid_2023,Journal Article,True,True,Fiji - no province specified,True,False,verified,
cegumalua_haccp_2019,Book,True,False,,False,False,,
irache_cultivating_2025,Journal Article,True,True,Fiji - no province specified,True,False,verified,
zeenat_bacteriological_2009,Journal Article,True,True,Fiji - no province specified,True,False,verified,
ligairi_barriers_2020-1,Unpublished,False,False,,False,False,,dropped: publication type 'Unpublished' not in C2 include-set
meo_plant_1985,Report,True,False,,False,False,,
meo_lectionary_2023,Book,True,False,,False,False,,
meo_lectionary_2024,Book,True,False,,False,False,,
meo_lectionary_2024-1,Book,True,False,,False,False,,
meo_smallness_1991,Journal Article,True,False,,False,False,,
meo_introduction_1995,Journal Article,True,False,,False,False,,
meo_gems_1996,Journal Article,True,False,,False,False,,
meo_pioneering_1996,Journal Article,True,False,,False,False,,
meo_feast_1997,Journal Article,True,False,,False,False,,
meo_globalisation_2000,Journal Article,True,False,,False,False,,
meo_how_2002,Journal Article,True,False,,False,False,,
meo_sharing_1994,Journal Article,True,True,,False,False,,
reddy_evaluation_2023,Other,False,True,Fiji - no province specified,True,False,verified,dropped: publication type 'Other' not in C2 include-set
veitogavi_review_2021,Journal Article,True,True,,False,False,,
veitogavi_population-based_2023,Conference Paper,False,True,Fiji - no province specified,True,False,verified,dropped: publication type 'Conference Paper' not in C2 include-set
scarpino_reinvigorating_2022,Report,True,False,,False,False,,
tagicakibau_income_1995,Master's Thesis,True,False,,False,False,,
tagicakibau_towards_2021,Report,True,False,,False,False,,
bedeschi-lewando_migrant_2021,Journal Article,True,True,,False,False,,
tagicakibau_south_2021,Other,False,False,,False,False,,dropped: publication type 'Other' not in C2 include-set
wainiqolo_viti_2020,Journal Article,True,False,,False,False,,
silatolu_greater_2011,PhD Thesis,True,True,,False,False,,
ali_dreams_2020,Journal Article,True,False,,False,False,,
ali_demand_2022,Journal Article,True,False,,False,False,,
mcmillan_adolescent_2020,Report,True,True,,False,False,,
linhart_adolescent_2020,Report,True,True,,False,False,,
mcmillan_adolescent_2021,Report,True,True,,False,False,,
arasi_assessment_2024,Journal Article,True,True,,False,False,verified,verified Fiji rows exist but no province recorded
rokoduru_contemporary_2006-1,Book Chapter,True,True,,False,False,,
wilson_country_2023-1,Report,True,True,,False,False,verified,verified Fiji rows exist but no province recorded
rokoduru_emerging_2004,Report,True,True,,False,False,,
mclennan_fijis_2024,Journal Article,True,True,Fiji - no province specified,True,False,verified,
rokoduru_fijis_2004,Journal Article,True,True,,False,False,,
rokoduru_gender_2007,Book Chapter,True,True,,False,False,,
lincoln_knowledge_2017,Journal Article,True,True,,False,False,verified,verified Fiji rows exist but no province recorded
mahe_obstetrics_2018,Journal Article,True,True,,False,False,verified,verified Fiji rows exist but no province recorded
rokoduru_contemporary_2002,Conference Paper,False,True,,False,False,,dropped: publication type 'Conference Paper' not in C2 include-set
chang_pasifika_2022,Journal Article,True,True,,False,False,,
tuiketei_violence_2010,Report,True,True,,False,False,verified,verified Fiji rows exist but no province recorded
rokoduru_your_2008,Report,True,True,,False,False,verified,verified Fiji rows exist but no province recorded
mohammadnezhad_prevalence_2017,Journal Article,True,False,,False,False,,
ruru_adapting_2013,Journal Article,True,False,,False,False,verified,verified Fiji rows exist but no province recorded
johansson-fua_creating_2012,Journal Article,True,False,,False,False,,
nanau_educating_2019,Book,True,False,,False,False,,
ruru_strengthening_2010,PhD Thesis,True,False,,False,False,,
ruru_dynamics_2012,Book Chapter,True,False,,False,False,verified,verified Fiji rows exist but no province recorded
ruru_teacher_2014,Conference Paper,False,False,,False,False,,dropped: publication type 'Conference Paper' not in C2 include-set
ruru_tovolea_2009,Book Chapter,True,False,,False,False,,
akbar_indian_2022,Master's Thesis,True,False,,False,False,,legacy Tagged Fiji? = Yes but no Research Geography row
alexander_contentious_1994,Master's Thesis,True,False,,False,False,,
altobelli_experience_2011,PhD Thesis,True,False,,False,False,,legacy Tagged Fiji? = Yes but no Research Geography row
anshuka_empirical_2024,PhD Thesis,True,False,,False,False,,legacy Tagged Fiji? = Yes but no Research Geography row
aucoin_gender_2002,PhD Thesis,True,False,,False,False,,
bain_vatukoula_1985,PhD Thesis,True,True,,False,False,,
baker_transfer_1974,PhD Thesis,True,False,,False,False,,
barrow_alliances_2013,Master's Thesis,True,False,,False,False,,legacy Tagged Fiji? = Yes but no Research Geography row
batsha_currents_2017,PhD Thesis,True,False,,False,False,,legacy Tagged Fiji? = Yes but no Research Geography row
bradshaw_food_2013,Master's Thesis,True,False,,False,False,,legacy Tagged Fiji? = Yes but no Research Geography row
carvalho_effectiveness_2016,Master's Thesis,True,False,,False,False,,
cassity_spheres_2001,PhD Thesis,True,False,,False,False,,legacy Tagged Fiji? = Yes but no Research Geography row
chand_global_2003,PhD Thesis,True,False,,False,False,,
chand_chutney_2011,PhD Thesis,True,False,,False,False,,
chand_what_2011,PhD Thesis,True,False,,False,False,,legacy Tagged Fiji? = Yes but no Research Geography row
chukwuka_rationality_1984,Master's Thesis,True,False,,False,False,,
cochrane_explaining_2004,PhD Thesis,True,False,,False,False,,legacy Tagged Fiji? = Yes but no Research Geography row
corris_passage_1970,PhD Thesis,True,False,,False,False,,
dacks_investigating_2018,PhD Thesis,True,False,,False,False,,
dassie_assessing_2012,PhD Thesis,True,False,,False,False,,legacy Tagged Fiji? = Yes but no Research Geography row
dayal_offshore_2015,Master's Thesis,True,False,,False,False,,
dearie_mortality_2025,PhD Thesis,True,False,,False,False,,legacy Tagged Fiji? = Yes but no Research Geography row
dey_home_2024,PhD Thesis,True,False,,False,False,,legacy Tagged Fiji? = Yes but no Research Geography row
durgahee_indentured_2017,PhD Thesis,True,False,,False,False,,
evans_motivation_1980,PhD Thesis,True,False,,False,False,,
faanunu_fishing_2011,Master's Thesis,True,False,,False,False,,
fitchett_its_2026,Master's Thesis,True,False,,False,False,,legacy Tagged Fiji? = Yes but no Research Geography row
fonseca_value_2010,PhD Thesis,True,False,,False,False,,legacy Tagged Fiji? = Yes but no Research Geography row
france_charter_1966,PhD Thesis,True,False,,False,False,,
frazer_land_1961,PhD Thesis,True,False,,False,False,,
garibaldi_when_2015,PhD Thesis,True,False,,False,False,,
gervais_structures_2013,PhD Thesis,True,False,,False,False,,legacy Tagged Fiji? = Yes but no Research Geography row
gill_geochemical_1972,PhD Thesis,True,False,,False,False,,
gillion_history_1958,PhD Thesis,True,False,,False,False,,
gordon_people_2010,PhD Thesis,True,False,,False,False,,
gucake_itaukei_2016,Master's Thesis,True,True,,False,False,,legacy Tagged Fiji? = Yes but no Research Geography row
guinness_being_2014,PhD Thesis,True,False,,False,False,,
halapua_aspects_1988,PhD Thesis,True,False,,False,False,,
hazard_microfossil_2017,Master's Thesis,True,False,,False,False,,
he_phytochemical_1995,PhD Thesis,True,False,,False,False,,
herr_gender_1983,PhD Thesis,True,False,,False,False,,
hill_nonformal_1986,PhD Thesis,True,False,,False,False,,
hilly_health-related_2024,PhD Thesis,True,False,,False,False,,
horscroft_negotiating_2009,PhD Thesis,True,False,,False,False,,
huish_sustainable_2009,PhD Thesis,True,False,,False,False,,
hulkenberg_masi_2009,PhD Thesis,True,False,,False,False,,
humphrey_land_2009,PhD Thesis,True,False,,False,False,,legacy Tagged Fiji? = Yes but no Research Geography row
igglesden_traditionally_2019,PhD Thesis,True,False,,False,False,,
jefferson_magmatic-hydrothermal_2023,Master's Thesis,True,False,,False,False,,
johnson_communal_2015,Master's Thesis,True,False,,False,False,,legacy Tagged Fiji? = Yes but no Research Geography row
johnson_historical_2016,PhD Thesis,True,False,,False,False,,
kant_explaining_2011,PhD Thesis,True,False,,False,False,,legacy Tagged Fiji? = Yes but no Research Geography row
khan_transitional_2015,PhD Thesis,True,False,,False,False,,
kitabatake_hydro-meteorological_2017,Master's Thesis,True,False,,False,False,,legacy Tagged Fiji? = Yes but no Research Geography row
kline_cultural_2013,PhD Thesis,True,False,,False,False,,legacy Tagged Fiji? = Yes but no Research Geography row
knapman_white_1984,PhD Thesis,True,False,,False,False,,
lami_examination_2006,PhD Thesis,True,False,,False,False,,
lal_leaves_1980,PhD Thesis,True,False,,False,False,,
leblanc_ceramic_2011,Master's Thesis,True,False,,False,False,,legacy Tagged Fiji? = Yes but no Research Geography row
leclerc-caffarel_exchange_2013,PhD Thesis,True,False,,False,False,,
lee_petrology_1982,Master's Thesis,True,False,,False,False,,legacy Tagged Fiji? = Yes but no Research Geography row
leonard_land_2019,PhD Thesis,True,False,,False,False,,legacy Tagged Fiji? = Yes but no Research Geography row
liki_monetary_1986,Master's Thesis,True,False,,False,False,,
lotfi_shiaveh_cane_1973,Master's Thesis,True,False,,False,False,,
mackinlay_kingdom_2023,PhD Thesis,True,False,,False,False,,
macnaught_mainstream_1975,PhD Thesis,True,False,,False,False,,
martin_tourism_1998,PhD Thesis,True,False,,False,False,,
may_fighting_2014,PhD Thesis,True,False,,False,False,,legacy Tagged Fiji? = Yes but no Research Geography row
mcguigan_social-ecological_2022,PhD Thesis,True,False,,False,False,,legacy Tagged Fiji? = Yes but no Research Geography row
mcharg_role_1968,Master's Thesis,True,False,,False,False,,
messersmith_fire_2012,PhD Thesis,True,False,,False,False,,
miller_does_2013,PhD Thesis,True,False,,False,False,,legacy Tagged Fiji? = Yes but no Research Geography row
mitchell_large_2004,PhD Thesis,True,False,,False,False,,
morgan_value_2014,PhD Thesis,True,False,,False,False,,
moynagh_brown_1978,PhD Thesis,True,False,,False,False,,
mrazek_peacemaking_2015,PhD Thesis,True,False,,False,False,,
muhlig_genannt_hofmann_interdisciplinary_2007,PhD Thesis,True,False,,False,False,,
mullane_spiritual_2003,PhD Thesis,True,False,,False,False,,legacy Tagged Fiji? = Yes but no Research Geography row
munro-faure_approach_1988,PhD Thesis,True,False,,False,False,,legacy Tagged Fiji? = Yes but no Research Geography row
nair_rethinking_2010,PhD Thesis,True,False,,False,False,,legacy Tagged Fiji? = Yes but no Research Geography row
nand_looking_2015,Master's Thesis,True,False,,False,False,,legacy Tagged Fiji? = Yes but no Research Geography row
nihipali_innovation_2023,Master's Thesis,True,False,,False,False,,
noonan_national_2014,Master's Thesis,True,False,,False,False,,legacy Tagged Fiji? = Yes but no Research Geography row
oday_socioeconomics_2004,PhD Thesis,True,False,,False,False,,legacy Tagged Fiji? = Yes but no Research Geography row
oloughlin_national_1956,PhD Thesis,True,False,,False,False,,
osborne_spatial_2026,PhD Thesis,True,False,Bua,False,False,verified,
pantazis_postzygotic_2009,Master's Thesis,True,False,,False,False,,
patay_navigating_2021,PhD Thesis,True,False,,False,False,,
peseckas_island_2014,PhD Thesis,True,False,,False,False,,legacy Tagged Fiji? = Yes but no Research Geography row
prakash_experience_2021,PhD Thesis,True,False,,False,False,,legacy Tagged Fiji? = Yes but no Research Geography row
price_geochemical_2016,PhD Thesis,True,False,,False,False,,legacy Tagged Fiji? = Yes but no Research Geography row
rahmani-shirazi_gender_2018,PhD Thesis,True,False,,False,False,,
rai_exile_2010,PhD Thesis,True,False,,False,False,,
ramesh_hegemony_2008,PhD Thesis,True,False,,False,False,,legacy Tagged Fiji? = Yes but no Research Geography row
rechtman_evolution_1992,PhD Thesis,True,False,,False,False,,
reddy_geological_1992,PhD Thesis,True,False,,False,False,,
roizen_explaining_1996,PhD Thesis,True,False,,False,False,,
rostad_another_2026,Master's Thesis,True,False,,False,False,,legacy Tagged Fiji? = Yes but no Research Geography row
roth_upper_1999,PhD Thesis,True,False,,False,False,,
routledge_pre-cession_1965,PhD Thesis,True,False,,False,False,,
rugless_geology_1984,PhD Thesis,True,False,,False,False,,
rutz_local-level_1973,PhD Thesis,True,False,,False,False,,
ryle_my_2001,PhD Thesis,True,False,,False,False,,
sagoo_ethnic_2012,PhD Thesis,True,False,,False,False,,
sameer_towards_2014,PhD Thesis,True,False,,False,False,,
samperiz_vizcaino_sclerochronological_2022,PhD Thesis,True,False,,False,False,,
sarnat_ants_2009,PhD Thesis,True,False,,False,False,,legacy Tagged Fiji? = Yes but no Research Geography row
seniloli_value_1987,Master's Thesis,True,True,,False,False,,
sharma-khushal_microloans_2014,PhD Thesis,True,False,,False,False,,
shaver_behavioral_2012,PhD Thesis,True,False,,False,False,,legacy Tagged Fiji? = Yes but no Research Geography row
shaw_rural_1973,PhD Thesis,True,False,,False,False,,
siegel_plantation_1985,PhD Thesis,True,False,,False,False,,
singh_biology_1997,PhD Thesis,True,False,,False,False,,
spurrier_nationalism_2018,PhD Thesis,True,False,,False,False,,
stockwell_democracy_2002,PhD Thesis,True,False,,False,False,,legacy Tagged Fiji? = Yes but no Research Geography row
sugden_sport_2017,PhD Thesis,True,False,,False,False,,
szadziewski_everyday_2023,PhD Thesis,True,False,,False,False,,
takahashi_habitus_2007,PhD Thesis,True,False,,False,False,,
taulealea_feasibility_2005,Master's Thesis,True,False,,False,False,,
taylor_mitochondrial_2012,Master's Thesis,True,False,,False,False,,legacy Tagged Fiji? = Yes but no Research Geography row
thaman_rural_2010,Master's Thesis,True,False,Bua,False,False,verified,
togami_animal_2016,PhD Thesis,True,False,,False,False,,legacy Tagged Fiji? = Yes but no Research Geography row
tomlinson_voice_2002,PhD Thesis,True,False,,False,False,,legacy Tagged Fiji? = Yes but no Research Geography row
tong_study_2017,Master's Thesis,True,False,,False,False,,
van_horn_hot_1994,PhD Thesis,True,False,,False,False,,
walter_changing_1971,PhD Thesis,True,False,,False,False,,
warrington_administering_1997,PhD Thesis,True,False,,False,False,,
whelan_geochemical_1989,PhD Thesis,True,False,,False,False,,
whittle_economic_1979,Master's Thesis,True,False,,False,False,,
yaylaci_normative_2021,Master's Thesis,True,False,,False,False,,
young_world_2020,PhD Thesis,True,True,,False,False,,legacy Tagged Fiji? = Yes but no Research Geography row
williams_ecology_1974,PhD Thesis,True,False,,False,False,,legacy Tagged Fiji? = Yes but no Research Geography row
kitolelei_fijian_2013,Master's Thesis,True,True,,False,False,,legacy Tagged Fiji? = Yes but no Research Geography row
bukarau-kitolelei_reimagining_2025,PhD Thesis,True,True,,False,False,,
sakai_native_2016,Book Chapter,True,True,,False,False,,
sakai_land_2024,Journal Article,True,True,,False,False,,
sakai_equal_2024,Journal Article,True,True,,False,False,,
becker_feasibility_2009,Journal Article,True,False,,False,False,,
becker_prevalence_2008,Journal Article,True,False,,False,False,verified,verified Fiji rows exist but no province recorded
becker_youth_2010,Journal Article,True,False,,False,False,verified,verified Fiji rows exist but no province recorded
becker_adaptation_2010,Journal Article,True,False,,False,False,verified,verified Fiji rows exist but no province recorded
becker_validity_2010,Journal Article,True,False,,False,False,verified,verified Fiji rows exist but no province recorded
thompson-mccormick_breakfast_2010,Journal Article,True,False,,False,False,,
begg_genesis_2020,PhD Thesis,True,False,,False,False,,
mcdonald_st_2016,Master's Thesis,True,False,,False,False,,
dorovolomo_physical_2015,PhD Thesis,True,False,,False,False,,
kuster_search_2011,PhD Thesis,True,False,,False,False,,
cokanasiga_domestic_2026,PhD Thesis,True,True,,False,False,,legacy Tagged Fiji? = Yes but no Research Geography row
karan_fiji_2020,Master's Thesis,True,False,,False,False,,
boas_climate-induced_2025,Journal Article,True,True,,False,False,,
gini_navigating_2024,Journal Article,True,True,,False,False,,
mcmichael_climate_2025,Journal Article,True,True,Cakaudrove,False,False,verified,
mcmichael_health_2024,Book Chapter,True,True,,False,False,,
mcmichael_adaptive_2025,Journal Article,True,True,Macuata,False,False,verified,
mcnamara_values_2024,Journal Article,True,True,,False,False,,
nand_guiding_2024,Journal Article,True,True,,False,False,,
van_schie_valuing_2024,Journal Article,True,True,,False,False,,
yee_partial_2024,Journal Article,True,True,Kadavu,False,False,verified,
yee_role_2022,Journal Article,True,True,Serua,False,False,verified,
yee_climate_2022,Journal Article,True,True,,False,False,,
yee_framing_2025,Journal Article,True,True,,False,False,,
yee_centering_2024,PhD Thesis,True,True,,False,False,,
puamau_rethinking_2002,Book Chapter,True,False,,False,False,,
puamau_re-thinking_2004,Journal Article,True,False,,False,False,,
puamau_principles_2005,Book Chapter,True,False,,False,False,,
puamau_rethinking_2005,Conference Paper,False,False,,False,False,,dropped: publication type 'Conference Paper' not in C2 include-set
puamau_literate_2007,Book Chapter,True,False,,False,False,,
puamau_pacific_2007,Book,True,False,,False,False,,
puamau_teacher_2007,Book Chapter,True,False,,False,False,,
puamau_education_2007,Journal Article,True,False,,False,False,,
puamau_education_2008,Book Chapter,True,False,,False,False,,
puamau_advancing_2009,Book Chapter,True,False,,False,False,,
puamau_managing_2010,Book Chapter,True,False,,False,False,,
puamau_best_2010,Book,True,False,,False,False,,
puamau_basics_2007,Book,True,False,,False,False,,
puamau_early_2008,Book,True,False,,False,False,,
puamau_inclusive_2009,Book,True,False,,False,False,,
puamau_understanding_1999,Journal Article,True,False,,False,False,,
puamau_post-colonial_2001,Journal Article,True,False,,False,False,,
puamau_heart_2006,Conference Paper,False,False,,False,False,,dropped: publication type 'Conference Paper' not in C2 include-set
puamau_advancing_2007,Journal Article,True,False,,False,False,,
puamau_urban_2007,Book Chapter,True,False,,False,False,,
puamau_educational_2005,Book,True,False,,False,False,,
dabea_critical_1994,Master's Thesis,True,False,,False,False,,legacy Tagged Fiji? = Yes but no Research Geography row
macanawai_assessment_2011,PhD Thesis,True,True,,False,False,verified,verified Fiji rows exist but no province recorded
kapitzke_weaving_2000,Journal Article,True,False,,False,False,,
dabea_social_2001,PhD Thesis,True,True,,False,False,,
chalmers_educational_1999,Book,True,False,,False,False,,
bogitini_development_1996,Conference Paper,False,False,,False,False,,dropped: publication type 'Conference Paper' not in C2 include-set
shaw-brown_use_2013,PhD Thesis,True,False,,False,False,,
macanawai_seed_2018,Journal Article,True,False,,False,False,,
macanawai_effects_2015,Journal Article,True,False,,False,False,,
macanawai_spermacoce_2016,Journal Article,True,True,Naitasiri,False,False,verified,
macanawai_distribution_2025,Journal Article,True,True,,False,False,,
macanawai_efficacy_2014,Journal Article,True,False,,False,False,,
macanawai_survival_2013,Journal Article,True,False,,False,False,,
macanawai_biology_2013,Journal Article,True,False,,False,False,,
macanawai_vegetative_2012,Journal Article,True,False,,False,False,,
macanawai_abundance_2014,Journal Article,True,False,,False,False,,
macanawai_impact_2013,Journal Article,True,False,,False,False,,
macanawai_assessment_2011-1,PhD Thesis,True,False,,False,False,,
macanawai_investigations_2005,Journal Article,True,False,,False,False,,
macanawai_impact_2012,Journal Article,True,False,,False,False,,
macanawai_impact_2012-1,Journal Article,True,False,,False,False,,
macanawai_factors_2010,Conference Paper,False,False,,False,False,,dropped: publication type 'Conference Paper' not in C2 include-set
adkins_frequency_2010,Conference Paper,False,False,,False,False,,dropped: publication type 'Conference Paper' not in C2 include-set
macanawai_investigations_2002,PhD Thesis,True,True,,False,False,,
williams_evaluation_2004,Report,True,False,,False,False,,
williams_digital_2002,Report,True,False,,False,False,,
williams_more_1986,Journal Article,True,False,,False,False,,
williams_labours_1999,Book,True,False,,False,False,,
williams_why_1999,Conference Paper,False,False,,False,False,,dropped: publication type 'Conference Paper' not in C2 include-set
williams_information_1998,Report,True,False,,False,False,,
ali_women_2023,Journal Article,True,True,,False,False,,
bolatagici_making_2022,Book Chapter,True,True,,False,False,,
bolatagici_making_2019,Journal Article,True,True,,False,False,,
bolatagici_somatic_2016-1,Journal Article,True,True,,False,False,,
bolatagici_export_2011,Journal Article,True,True,,False,False,,
bolatagici_claiming_2004,Journal Article,True,True,,False,False,,
gonemaituba_study_2008,PhD Thesis,True,False,,False,False,,
solvalu_fiji_2025,Book Chapter,True,True,,False,False,,legacy Tagged Fiji? = Yes but no Research Geography row
narawa_researching_2026,Book Chapter,True,True,,False,False,,
narawa_surrogacy_2024,Book Chapter,True,True,,False,False,,
narawa-daurewa_identity_2012,Journal Article,True,True,Unclassified,False,True,verified,
narawa_fiji_2021,Book Chapter,True,True,,False,False,,legacy Tagged Fiji? = Yes but no Research Geography row
narawa_australasian_2021,Journal Article,True,True,,False,False,,legacy Tagged Fiji? = Yes but no Research Geography row
narawa_adoption_2019,Book Chapter,True,True,,False,False,,
narawa_department_2018,Book,True,True,,False,False,,
gonemaituba_economic_2007,Report,True,False,,False,False,,
gonemaituba_taronew_2003,Book Chapter,True,False,,False,False,,
gonemaituba_tarofiji_2003,Book Chapter,True,False,,False,False,,
tubuna_policy_2006,Conference Paper,False,True,,False,False,,dropped: publication type 'Conference Paper' not in C2 include-set
mcgregor_natures_2009,Report,True,False,,False,False,,
mahadevan_note_2013,Journal Article,True,False,,False,False,,
haszler_rising_2009,Conference Paper,False,False,,False,False,,dropped: publication type 'Conference Paper' not in C2 include-set
mcgregor_fiji_2002,Report,True,False,,False,False,,
tabua_regional_1988,Master's Thesis,True,False,,False,False,verified,verified Fiji rows exist but no province recorded
soro_risk-based_2014,Conference Paper,False,True,,False,False,,dropped: publication type 'Conference Paper' not in C2 include-set
soro_geochemical_2023,Journal Article,True,True,,False,False,,
soro_potential_2023,PhD Thesis,True,True,,False,False,verified,verified Fiji rows exist but no province recorded
soro_risk-based_2013,Master's Thesis,True,True,,False,False,verified,verified Fiji rows exist but no province recorded
roberts_role_2007,Journal Article,True,True,,False,False,verified,verified Fiji rows exist but no province recorded
rokomatu_systematic_2021,Preprint,False,True,,False,False,,dropped: preprint excluded from all C2 counts
rokomatu_microplastics_2025,PhD Thesis,True,True,,False,False,,legacy Tagged Fiji? = Yes but no Research Geography row
tikoduadua_perceptions_2014,Master's Thesis,True,False,,False,False,verified,verified Fiji rows exist but no province recorded
tikoduadua_fiji_2016,Book Chapter,True,False,,False,False,verified,verified Fiji rows exist but no province recorded
burnett_fijian_2021,Journal Article,True,False,,False,False,,
vusoniwailala_toward_1978,Master's Thesis,True,True,,False,False,,
rika_understanding_2021,PhD Thesis,True,True,,False,False,verified,verified Fiji rows exist but no province recorded
sanagavarapu_management_2025,Journal Article,True,False,,False,False,,
nabalarua_managing_1998,PhD Thesis,True,True,Fiji - no province specified,True,False,verified,
tikoca_ecological_2024,PhD Thesis,True,True,,False,False,,
korovakaturaga_dela_2021,Master's Thesis,True,True,,False,False,,
whaanga_hemi_2002,Other,False,True,,False,False,,dropped: publication type 'Other' not in C2 include-set
nabalarua_sustaining_2005,Journal Article,True,True,Tailevu,False,False,verified,
nabalarua_creating_2001,Journal Article,True,True,Tailevu,False,False,verified,
nabalarua_productivity_1999,Report,True,True,Fiji - no province specified,True,False,verified,
nabalarua_making_2005,Journal Article,True,True,Tailevu,False,False,verified,
kikau_wisdom_1981,Book,True,False,,False,False,verified,verified Fiji rows exist but no province recorded
masitabua_lesu_2026,Master's Thesis,True,False,,False,False,,
cavuilati_climate_2018,Master's Thesis,True,False,,False,False,,
dumaru_pet_2005,Master's Thesis,True,False,,False,False,verified,verified Fiji rows exist but no province recorded
matakarawa_gold_2018,Master's Thesis,True,False,,False,False,,
dumaru_climate_2020,Report,True,False,Lomaiviti,False,False,verified,
dumaru_how_2019,Report,True,False,,False,False,,
limalevu_community_2010,Report,True,False,,False,False,,
dumaru_public_2014,Report,True,False,,False,False,,
dumaru_pacific_2018,Report,True,False,,False,False,,
aalbersberg_community_2010,Report,True,False,,False,False,,
limalevu_adaptation_2010,Journal Article,True,False,,False,False,,
dumaru_environment_2001,Book Chapter,True,False,,False,False,,
hemi_we_2024,Book Chapter,True,False,,False,False,,
eyob_how_2018,Other,False,False,,False,False,,dropped: publication type 'Other' not in C2 include-set
dumaru_evaluating_2026,Report,True,False,,False,False,,
dumaru_adaptive_2011,Report,True,True,,False,False,,
dumaru_cuvu_2005,Report,True,False,,False,False,,
dumaru_report_2007,Report,True,False,,False,False,,
durutalo_roots_2005,PhD Thesis,True,True,,False,False,verified,verified Fiji rows exist but no province recorded
daveta_inclusive_2009,Master's Thesis,True,True,,False,False,verified,verified Fiji rows exist but no province recorded
baleiwaqa_rerevaka_2003,PhD Thesis,True,True,,False,False,verified,verified Fiji rows exist but no province recorded
baleiwaqa_josua_1996,Book Chapter,True,True,,False,False,,
baleiwaqa_reflections_2001,Book Chapter,True,True,,False,False,verified,verified Fiji rows exist but no province recorded
baleiwaqa_review_2003,Journal Article,True,True,,False,False,,
baleiwaqa_setareki_1987,Other Thesis,False,True,,False,False,verified,dropped: publication type 'Other Thesis' not in C2 include-set; verified Fiji rows exist but no province recorded
baleiwaqa_centipede_1997,Master's Thesis,True,True,,False,False,verified,verified Fiji rows exist but no province recorded
tuinivanua_mathematical_1991,Master's Thesis,True,False,,False,False,verified,verified Fiji rows exist but no province recorded
cagilaba_fight_2005,Master's Thesis,True,False,,False,False,,
tabukovu_marketing_2003,Master's Thesis,True,False,,False,False,,
waqaisavou_parks_1997,Master's Thesis,True,False,,False,False,,
alifereti_analyzing_2013,PhD Thesis,True,True,,False,False,verified,verified Fiji rows exist but no province recorded
waqa_geological_2004,Master's Thesis,True,False,,False,False,,
lasaqa_melanesians_1968,PhD Thesis,True,False,,False,False,,
taganesia_mechanisms_2009,Master's Thesis,True,False,,False,False,verified,verified Fiji rows exist but no province recorded
nawaqaliva_exploring_2022,PhD Thesis,True,True,,False,False,verified,verified Fiji rows exist but no province recorded
nayacakalou_viti_2022,Master's Thesis,True,True,,False,False,,
vunidilo_living_2006,Master's Thesis,True,True,,False,False,,
tabua_ambient_2019,Master's Thesis,True,False,,False,False,,
raiula_mathematical_2018,PhD Thesis,True,True,Fiji - no province specified,True,False,verified,
shirotriya_-depth_2026,Journal Article,True,True,,False,False,,
tulomana_assessing_2023,Journal Article,True,True,,False,False,verified,verified Fiji rows exist but no province recorded
shirotriya_exploring_2025,Journal Article,True,True,,False,False,,
tagimaucia_exploring_2024,Journal Article,True,True,,False,False,,
chand_fijian_2022,Journal Article,True,True,,False,False,,
tagimaucia_performance_2025,Journal Article,True,True,,False,False,verified,verified Fiji rows exist but no province recorded
tagimaucia_mapping_2025,PhD Thesis,True,True,,False,False,verified,verified Fiji rows exist but no province recorded
king_utilisation_1994,PhD Thesis,True,False,,False,False,verified,verified Fiji rows exist but no province recorded
yasa_educational_1982,PhD Thesis,True,False,,False,False,,
tawale_performances_2016,PhD Thesis,True,False,,False,False,,
comfort_dental_2004,Journal Article,True,False,,False,False,verified,verified Fiji rows exist but no province recorded
detenamo_periodontal_2015,Conference Paper,False,False,,False,False,verified,dropped: publication type 'Conference Paper' not in C2 include-set; verified Fiji rows exist but no province recorded
kapadia_frequency_1996,Journal Article,True,False,,False,False,verified,verified Fiji rows exist but no province recorded
king_tooth_2003,Journal Article,True,False,,False,False,verified,verified Fiji rows exist but no province recorded
king_is_2015,Conference Paper,False,False,,False,False,,dropped: publication type 'Conference Paper' not in C2 include-set
king_oral_2003,Journal Article,True,False,,False,False,,
lumukana_smoking_2003,Journal Article,True,False,,False,False,,
pellie_perceived_2015,Conference Paper,False,False,,False,False,,dropped: publication type 'Conference Paper' not in C2 include-set
singh_infant_2003,Journal Article,True,False,,False,False,verified,verified Fiji rows exist but no province recorded
ravulo_development_2009,PhD Thesis,True,True,,False,False,,
bogiva_ripote_2008,Report,True,True,,False,False,,
bonito_evaluating_2011,Report,True,True,,False,False,,
simpson_community-based_2009,Conference Paper,False,True,,False,False,,dropped: publication type 'Conference Paper' not in C2 include-set
simpson_assessing_2009,Conference Paper,False,True,,False,False,,dropped: publication type 'Conference Paper' not in C2 include-set
simpson_assessing_2011,Conference Paper,False,True,,False,False,,dropped: publication type 'Conference Paper' not in C2 include-set
simpson_adaptive_2012,Report,True,True,,False,False,,
simpson_biological_2014,Report,True,True,,False,False,,
simpson_shifting_2014,Report,True,True,,False,False,,
simpson_humphead_2014,Report,True,True,,False,False,,
tawake_stories_2007,Other,False,True,,False,False,,dropped: publication type 'Other' not in C2 include-set
simpson_assessing_2010-1,Master's Thesis,True,True,,False,False,,
cavu_education_2009,Book Chapter,True,True,,False,False,,
nilan_white_2006,Journal Article,True,False,,False,False,,
nilan_white-collar_2009,Book Chapter,True,False,,False,False,,
dolodolotawake_dietary_1999,Master's Thesis,True,False,,False,False,verified,verified Fiji rows exist but no province recorded
kanaenabogi_small_2002,Master's Thesis,True,True,,False,False,verified,verified Fiji rows exist but no province recorded
corno_assessing_2022,Other,False,True,,False,False,,dropped: publication type 'Other' not in C2 include-set
finau_accounting_2012,Other,False,True,,False,False,,dropped: publication type 'Other' not in C2 include-set
finau_digital_2015,Conference Paper,False,True,,False,False,,dropped: publication type 'Conference Paper' not in C2 include-set
finau_perceptions_2016,Journal Article,True,True,,False,False,,
finau_turn-it-_2013,Other,False,True,,False,False,,dropped: publication type 'Other' not in C2 include-set
finau_cybercrime_2013,Report,True,True,,False,False,,
finau_examining_2014,Journal Article,True,True,,False,False,,
finau_impact_2013,Journal Article,True,True,,False,False,,legacy Tagged Fiji? = Yes but no Research Geography row
goundar_king_2017,Journal Article,True,True,,False,False,,
michalena_utilizing_2022,Book Chapter,True,True,,False,False,,
patel_influence_2010,Other,False,True,,False,False,,dropped: publication type 'Other' not in C2 include-set
prasad_creating_2010,Other,False,True,,False,False,,dropped: publication type 'Other' not in C2 include-set
prasad_corporate_2011,Other,False,True,,False,False,,dropped: publication type 'Other' not in C2 include-set
prasad_creating_2011,Other,False,True,,False,False,,dropped: publication type 'Other' not in C2 include-set
prasad_accounting_2012,Report,True,True,,False,False,,
prasad_getting_2012,Report,True,True,,False,False,,
prasad_regional_2012,Conference Paper,False,True,,False,False,,dropped: publication type 'Conference Paper' not in C2 include-set
prasad_facilitating_2013,Journal Article,True,True,,False,False,,
ratuva_climate_2026,Book Chapter,True,True,,False,False,,
rika_mobile_2015,Other,False,True,,False,False,,dropped: publication type 'Other' not in C2 include-set
samuwai_understanding_2021,Report,True,True,,False,False,,
samuwai_making_2019,Report,True,True,,False,False,,
samuwai_demystifying_2020,Journal Article,True,True,,False,False,,
samuwai_assessing_2018,Journal Article,True,True,,False,False,,
samuwai_gazing_2019,Journal Article,True,True,,False,False,,
samuwai_model_2014,Conference Paper,False,True,,False,False,,dropped: publication type 'Conference Paper' not in C2 include-set
samuwai_is_2012,Report,True,True,,False,False,,
samuwai_towards_2012,Conference Paper,False,True,,False,False,,dropped: publication type 'Conference Paper' not in C2 include-set
samuwai_demystifying_2022,Report,True,True,,False,False,,
seitz_coping_2022,Report,True,True,,False,False,,
raiyawa_op_chief_big_heart_2000,Journal Article,True,True,,False,False,,
waqalevu_developing_2012,Master's Thesis,True,True,,False,False,verified,verified Fiji rows exist but no province recorded
baleikorocau_grobner_2011,Master's Thesis,True,False,,False,False,,
baleikorocau_chebyshev_2015,Journal Article,True,False,,False,False,,
qovu_critical_2013,PhD Thesis,True,True,,False,False,verified,verified Fiji rows exist but no province recorded
thaman_comparison_2016,Journal Article,True,True,,False,False,,
nuttall_review_2014,Journal Article,True,True,,False,False,,
veitayaki_addressing_2007,Report,True,True,,False,False,,
veitayaki_addressing_2005,Book Chapter,True,True,Lomaiviti,False,False,verified,
veitayaki_application_2009,Book Chapter,True,True,,False,False,,
ledua_balancing_2018,Book Chapter,True,True,,False,False,,
veitayaki_breaking_2008,Book Chapter,True,True,,False,False,,
veitayaki_breaking_2019,Book Chapter,True,True,,False,False,,
veitayaki_building_2014,Book Chapter,True,True,,False,False,,
south_capacity_2001,Journal Article,True,True,,False,False,,
veitayaki_caring_2006,Journal Article,True,True,,False,False,,
veitayaki_climate_2010,Book Chapter,True,True,,False,False,,
hidalgo_climate_2021,Journal Article,True,True,,False,False,,
veitayaki_coastal_1997,Book,True,False,,False,False,,
nunn_coastal_1999,Journal Article,True,True,,False,False,,
remling_community-based_2016,Journal Article,True,True,Lomaiviti,False,False,verified,
veitayaki_community-based_2014,Book Chapter,True,True,,False,False,,
holland_connecting_2014,Journal Article,True,True,,False,False,,
kitolelei_conservation_2022-1,Journal Article,True,True,,False,False,verified,verified Fiji rows exist but no province recorded
murai_efficient_2012,Journal Article,True,True,,False,False,,
matthews_fijian_1998,Journal Article,True,True,,False,False,,
johnson_fish_2005,Book Chapter,True,True,,False,False,,
veitayaki_fisheries_1995,Book,True,True,,False,False,,
buhadi_food_2013,Journal Article,True,True,,False,False,,
veitayaki_future_2018,Book Chapter,True,True,,False,False,,
south_global_2014,Journal Article,True,True,,False,False,,
gard_wake_2017,Journal Article,True,True,,False,False,,
petaia_introduction_2010,Book,True,True,,False,False,,
fache_introduction_2016,Book Chapter,True,True,,False,False,,
veitayaki_lessons_2018,Book Chapter,True,True,,False,False,,
veitayaki_living_2021,Journal Article,True,True,,False,False,,
veitayaki_living_2014,Book,True,True,,False,False,,
veitayaki_mainstreaming_2002,Book Chapter,True,True,,False,False,,
veitayaki_making_2009,Book,True,True,,False,False,,
veitayaki_mangroves_2017-1,Book Chapter,True,True,,False,False,,
kawai_movement_2021,Journal Article,True,True,,False,False,,
veitayaki_ocean_2018,Journal Article,True,True,,False,False,,
nuttall_oceania_2015,Book Chapter,True,True,,False,False,,
novaczek_pacific_2005,Book,True,False,,False,False,,
veitayaki_policy_2016,Book Chapter,True,True,,False,False,,
veitayaki_poverty_2008,Book Chapter,True,True,Lomaiviti,False,False,verified,
veitayaki_pursuing_2010,Book Chapter,True,True,,False,False,,
manoa_regional_2009,Book Chapter,True,True,,False,False,,
veitayaki_review_2008,Journal Article,True,True,,False,False,,
veitayaki_review_2008-1,Report,True,True,,False,False,,
veitayaki_securing_2021,Journal Article,True,True,,False,False,,
mcmillen_small_2014,Journal Article,True,True,,False,False,,
veitayaki_staking_2005,Book Chapter,True,True,,False,False,,
prasad_sustainable_2013,Journal Article,True,True,,False,False,,
dutra_synergies_2021,Journal Article,True,True,,False,False,,
veitayaki_taking_2002,Journal Article,True,True,,False,False,,
thomas_critical_2020,Report,True,True,,False,False,,
south_global_2004,Journal Article,True,True,,False,False,,
veitayaki_pacific_2004,Book Chapter,True,True,,False,False,,
thaman_recovery_2017,Journal Article,True,True,,False,False,,
veitayaki_traditional_1998,Journal Article,True,True,,False,False,,
king_training_2002,Book,True,True,,False,False,,
stefanoudis_turning_2021,Journal Article,True,True,,False,False,,
newell_turning_2017,Journal Article,True,True,,False,False,,
veitayaki_using_2010,Book Chapter,True,True,,False,False,,
veitayaki_vakarau_2014,Book Chapter,True,True,,False,False,,
weber_embracing_2024,Book Chapter,True,True,,False,False,,legacy Tagged Fiji? = Yes but no Research Geography row
love_social_2023,Journal Article,True,True,,False,False,,legacy Tagged Fiji? = Yes but no Research Geography row
duaibe_global_2023,PhD Thesis,True,False,,False,False,,
bai_understanding_2023,PhD Thesis,True,True,,False,False,verified,verified Fiji rows exist but no province recorded
ratawa_tu_2025,PhD Thesis,True,True,,False,False,verified,verified Fiji rows exist but no province recorded
bai_practicum_2016,Journal Article,True,True,,False,False,verified,verified Fiji rows exist but no province recorded
bai_climate_2019,Journal Article,True,True,,False,False,,
vesikula-bai_psychological_2021,Journal Article,True,True,,False,False,verified,verified Fiji rows exist but no province recorded
vesikula-bai_beyond_2026,Unpublished,False,True,,False,False,verified,dropped: publication type 'Unpublished' not in C2 include-set; verified Fiji rows exist but no province recorded
vesikula-bai_takosova_2026,Unpublished,False,True,,False,False,verified,dropped: publication type 'Unpublished' not in C2 include-set; verified Fiji rows exist but no province recorded
veitata_potential_2021,Conference Paper,False,True,,False,False,verified,dropped: publication type 'Conference Paper' not in C2 include-set; verified Fiji rows exist but no province recorded
samulala_fortaste_2025,PhD Thesis,True,True,,False,False,,
miyaji_challenges_2017,Conference Paper,False,False,,False,False,,dropped: publication type 'Conference Paper' not in C2 include-set
veitata_challenges_2018,Conference Paper,False,True,,False,False,,dropped: publication type 'Conference Paper' not in C2 include-set
veitata_social_2020,Conference Paper,False,True,,False,False,,dropped: publication type 'Conference Paper' not in C2 include-set
veitata_self-recovery_2018,Other,False,True,,False,False,,dropped: publication type 'Other' not in C2 include-set
fernandez_developing_2023,Journal Article,True,True,,False,False,,
miyaji_field_2019,Journal Article,True,True,,False,False,,
miyaji_field_2021,Journal Article,True,True,,False,False,,
veitata_vulnerability_2014,Report,True,True,,False,False,,
bennett_ocean_2025,Report,True,True,,False,False,,
manarae_my_2016,Report,True,False,,False,False,,
tawaketini_nominal_2023,PhD Thesis,True,True,,False,False,verified,verified Fiji rows exist but no province recorded
durutalo_elections_2000,Book Chapter,True,True,,False,False,,legacy Tagged Fiji? = Yes but no Research Geography row
durutalo_defending_2007,Book Chapter,True,True,,False,False,verified,verified Fiji rows exist but no province recorded
durutalo_fiji_2006,Book Chapter,True,True,,False,False,verified,verified Fiji rows exist but no province recorded
durutalo_party_2010,Book Chapter,True,True,,False,False,,legacy Tagged Fiji? = Yes but no Research Geography row
durutalo_illegitimacy_2012,Conference Paper,False,True,,False,False,verified,dropped: publication type 'Conference Paper' not in C2 include-set; verified Fiji rows exist but no province recorded
durutalo_politics_2016,Journal Article,True,True,,False,False,verified,verified Fiji rows exist but no province recorded
durutalo_melanesia_2006,Journal Article,True,True,,False,False,verified,verified Fiji rows exist but no province recorded
durutalo_melanesia_2007,Journal Article,True,True,,False,False,,legacy Tagged Fiji? = Yes but no Research Geography row
durutalo_melanesia_2017,Journal Article,True,True,,False,False,,legacy Tagged Fiji? = Yes but no Research Geography row
durutalo_fiji_2018,Journal Article,True,True,,False,False,,legacy Tagged Fiji? = Yes but no Research Geography row
durutalo_research_1994,Unpublished,False,True,,False,False,verified,dropped: publication type 'Unpublished' not in C2 include-set; verified Fiji rows exist but no province recorded
durutalo_sowing_2014,Journal Article,True,True,,False,False,,
durutalo_social_1996,Book Chapter,True,True,,False,False,,
durutalo_informal_2003,Book Chapter,True,True,,False,False,,
durutalo_pacific_2012,Book Chapter,True,True,,False,False,,
leckie_kai_2016,Book Chapter,True,True,,False,False,,legacy Tagged Fiji? = Yes but no Research Geography row
chappell_melanesia_1999,Journal Article,True,False,,False,False,,
maiono_custodians_2026,Book Chapter,True,True,,False,False,,
maiono_walking_2026,Book Chapter,True,True,Fiji - no province specified,True,False,verified,
maiono_investigating_2025,Conference Paper,False,True,Macuata,False,False,verified,dropped: publication type 'Conference Paper' not in C2 include-set
maiono_fifty_2020,Conference Paper,False,True,,False,False,,dropped: publication type 'Conference Paper' not in C2 include-set; legacy Tagged Fiji? = Yes but no Research Geography row
maiono_fifty_2023-1,Conference Paper,False,True,,False,False,,dropped: publication type 'Conference Paper' not in C2 include-set; legacy Tagged Fiji? = Yes but no Research Geography row
maiono_indigenous_2025,Journal Article,True,True,,False,False,verified,verified Fiji rows exist but no province recorded
batikawai_residential_2020,Journal Article,True,False,,False,False,,
batikawai_empirical_2021,Journal Article,True,False,,False,False,verified,verified Fiji rows exist but no province recorded
nawaqalevu_urbanisation_2008,Conference Paper,False,False,,False,False,verified,dropped: publication type 'Conference Paper' not in C2 include-set; verified Fiji rows exist but no province recorded
nawaqalevu_overview_2017,Conference Paper,False,False,,False,False,,dropped: publication type 'Conference Paper' not in C2 include-set
nawaqalevu_opportunities_2018,Conference Paper,False,False,,False,False,verified,dropped: publication type 'Conference Paper' not in C2 include-set; verified Fiji rows exist but no province recorded
weber_history_2023,Book Chapter,True,False,,False,False,,
nawaqalevu_sustainable_2006,Conference Paper,False,False,,False,False,,dropped: publication type 'Conference Paper' not in C2 include-set
nawaqalevu_sustainable_2008,Conference Paper,False,False,,False,False,,dropped: publication type 'Conference Paper' not in C2 include-set
nawaqalevu_governance_2020,Unpublished,False,False,,False,False,,dropped: publication type 'Unpublished' not in C2 include-set
kasanawaqa_deep-sea_2023,Book Chapter,True,True,,False,False,,
kasanawaqa_civil_2026,Journal Article,True,True,,False,False,,legacy Tagged Fiji? = Yes but no Research Geography row
kasanawaqa_right_2025,Journal Article,True,True,,False,False,verified,verified Fiji rows exist but no province recorded
segawa_unlocking_2026,Journal Article,True,True,,False,False,,
hurley_turning_2025,Report,True,True,,False,False,,
kasanawaqa_keep_2024,Report,True,True,,False,False,,
degei_identification_2025,Master's Thesis,True,False,,False,False,,
vakarua_health_2019,Master's Thesis,True,False,,False,False,,
noauthor_notitle_nodate,PhD Thesis,True,False,,False,False,,
qiokata_study_2020,Master's Thesis,True,False,,False,False,verified,verified Fiji rows exist but no province recorded
rakuita_surfing_2003,Master's Thesis,True,False,,False,False,,
khan_patterns_2021,Journal Article,True,True,,False,False,,
nelson_predicting_2022,Journal Article,True,True,,False,False,,
lawanivalu_hepatitis_2024,Journal Article,True,True,,False,False,,
simmons_successful_2024,Journal Article,True,True,Ba,False,False,verified,
strobel_meningococcal_2025,Journal Article,True,True,,False,False,,
koroituku_epidemiology_2025,Other,False,True,,False,False,,dropped: publication type 'Other' not in C2 include-set
vakauta_human_2025,Journal Article,True,True,,False,False,,
ratu_navigating_2026,Journal Article,True,True,,False,False,,
ratu_neutralisation_2026,Journal Article,True,True,Rewa; Fiji - no province specified,True,False,verified,
nunn_spiritual_2026,Book Chapter,True,True,,False,False,,
tavola_legend_2017,Book,True,True,,False,False,,
tavola_towards_2015,Book Chapter,True,True,,False,False,,
tavola_eu_2017,Book Chapter,True,True,,False,False,,
tavola_swimming_2022,Book Chapter,True,True,,False,False,verified,verified Fiji rows exist but no province recorded
handley_integrating_2026,Journal Article,True,True,,False,False,,
lancini_driva_2023,Journal Article,True,True,,False,False,,
tavola_re-thinking_2016,Report,True,True,,False,False,,
tavola_reforming_2006,Report,True,True,,False,False,,
finau_sourcing_2014,Master's Thesis,True,True,,False,False,,
duaibe_local_2025,Master's Thesis,True,True,,False,False,,
unicef_east_asia_and_pacific_regional_office_youth_2025,Report,True,False,,False,False,,
crichton-hill_covid-19_2024,Book Chapter,True,True,,False,False,,
donaldson_exploration_2024,Journal Article,True,True,,False,False,,
howell_healthcare_2026,Journal Article,True,True,,False,False,,
ravono_managing_2024,Journal Article,True,True,Fiji - no province specified,True,False,verified,
vusoniwailala_societal_1984,PhD Thesis,True,True,,False,False,,
baleinakorodawa_causes_2009,Master's Thesis,True,False,,False,False,,
nayacakalou_viti_2022-1,PhD Thesis,True,False,,False,False,verified,verified Fiji rows exist but no province recorded
tora_whakapuputia_2019,PhD Thesis,True,False,,False,False,,
waqanivala_is_2015,PhD Thesis,True,False,,False,False,,
bogitini_raturi_oer_part1_2021,Book Chapter,True,True,,False,False,,
bogitini_raturi_oer_part2_2021,Book Chapter,True,True,,False,False,,
bogitini_conservation_2011,Conference Paper,False,True,,False,False,,dropped: publication type 'Conference Paper' not in C2 include-set; legacy Tagged Fiji? = Yes but no Research Geography row
barker_diversity_2016,Journal Article,True,True,,False,False,,
brodie_documentation_2013,Report,True,True,,False,False,,legacy Tagged Fiji? = Yes but no Research Geography row
bulivou_novel_clustering_2022,Journal Article,True,True,,False,False,,
paea_kmeans_card_sorting_2021,Journal Article,True,True,,False,False,,
paea_best_merge_card_sorting_2024,Journal Article,True,True,,False,False,,
paea_emergency_remote_teaching_2024,Journal Article,True,True,,False,False,,
kumar_wave_energy_fiji_2025,Journal Article,True,True,,False,False,,legacy Tagged Fiji? = Yes but no Research Geography row
bulivou_cluster_optimization_2025,Journal Article,True,True,,False,False,,
paea_racial_inequality_engineering_2026,Journal Article,True,True,,False,False,,
paea_empirical_kmeans_initialization_2026,Journal Article,True,True,,False,False,,
paea_card_sorting_educon_2024,Conference Paper,False,True,,False,False,,dropped: publication type 'Conference Paper' not in C2 include-set
banivanua_consolidating_2005,Journal Article,True,True,,False,False,,
banivanua_violence_colonial_dialogue_2007,Book,True,True,,False,False,,
banivanua_thousand_miles_2008,Journal Article,True,True,,False,False,,
banivanua_frontier_space_2009,Journal Article,True,True,,False,False,,
banivanua_cannibalism_colonialism_2010,Journal Article,True,True,,False,False,,legacy Tagged Fiji? = Yes but no Research Geography row
banivanua_belonging_country_2012,Journal Article,True,True,,False,False,,
banivanua_imperial_literacy_2013,Journal Article,True,True,,False,False,,
banivanua_shadowing_imperial_2015,Journal Article,True,False,,False,False,,
banivanua_performing_cannibalism_2016,Book Chapter,True,False,,False,False,,
banivanua_stabilising_violence_2017,Journal Article,True,False,,False,False,,
banivanua_rhook_counter_networks_2018,Journal Article,True,False,,False,False,,
dakuidreketi_teaching_science_fiji_2016,Book Chapter,True,True,,False,False,,legacy Tagged Fiji? = Yes but no Research Geography row
bakalevu_melanesia_overview_2015,Book Chapter,True,True,,False,False,,
bakalevu_rising_new_challenges_2010,Book Chapter,True,True,,False,False,,
bakalevu_engendering_culturally_responsive_2009,Book Chapter,True,True,,False,False,,
bakalevu_personal_images_teacher_2008,Book Chapter,True,True,,False,False,,
bakalevu_building_bridges_2007,Book Chapter,True,True,,False,False,,
bakalevu_local_knowledge_wisdom_2007,Book Chapter,True,True,,False,False,,
bakalevu_regional_perspectives_ict_2005,Book Chapter,True,True,,False,False,,
bakalevu_tuitoga_fiji_ict_2003,Book Chapter,True,True,,False,False,,legacy Tagged Fiji? = Yes but no Research Geography row
bakalevu_improving_practice_math_2007,Other,False,True,,False,False,,dropped: publication type 'Other' not in C2 include-set
dayal_students_reflections_portfolio_2017,Journal Article,True,True,,False,False,,legacy Tagged Fiji? = Yes but no Research Geography row
bakalevu_narayan_continuing_education_tvet_2010,Journal Article,True,True,,False,False,,
bakalevu_morrison_fiji_ict_teacher_training_2005,Report,True,True,,False,False,,legacy Tagged Fiji? = Yes but no Research Geography row
bakalevu_soe_fcae_project_2009,Other,False,True,,False,False,,dropped: publication type 'Other' not in C2 include-set; legacy Tagged Fiji? = Yes but no Research Geography row
bainivalu_characterization_hydrocarbons_2026,Unpublished,False,True,,False,False,,dropped: publication type 'Unpublished' not in C2 include-set
aporosa_kava_ethnocultural_2019,Book Chapter,True,True,,False,False,,
aporosa_decolonising_quantitative_2021,Journal Article,True,True,,False,False,,
aporosa_tomlinson_kava_hangover_2014,Journal Article,True,True,,False,False,,legacy Tagged Fiji? = Yes but no Research Geography row
yeo_mobile_app_2022,Journal Article,True,True,,False,False,,legacy Tagged Fiji? = Yes but no Research Geography row
tun_xdr_pseudomonas_2024,Journal Article,True,True,,False,False,,
baleivanualala_tb_genomic_2025,Conference Paper,False,True,,False,False,,dropped: publication type 'Conference Paper' not in C2 include-set; legacy Tagged Fiji? = Yes but no Research Geography row
baleivanualala_amr_surveillance_lessons_2025,Conference Paper,False,True,,False,False,,dropped: publication type 'Conference Paper' not in C2 include-set; legacy Tagged Fiji? = Yes but no Research Geography row
baledrokadroka_unintended_2012,Journal Article,True,True,,False,False,,legacy Tagged Fiji? = Yes but no Research Geography row
baledrokadroka_military_postcolonial_2013,Book Chapter,True,True,,False,False,,legacy Tagged Fiji? = Yes but no Research Geography row
baledrokadroka_fijian_ethnonationalism_2009,Book Chapter,True,True,,False,False,,legacy Tagged Fiji? = Yes but no Research Geography row
baledrokadroka_fiji_military_elections_2016,Book Chapter,True,False,,False,False,,legacy Tagged Fiji? = Yes but no Research Geography row
alifereti_fijian_language_learning_2010,Book,True,True,,False,False,,legacy Tagged Fiji? = Yes but no Research Geography row
alifereti_verticality_2013,Journal Article,True,True,,False,False,,legacy Tagged Fiji? = Yes but no Research Geography row
alifereti_improving_academic_writing_2017,Other,False,True,,False,False,,dropped: publication type 'Other' not in C2 include-set; legacy Tagged Fiji? = Yes but no Research Geography row
alifereti_metaphoric_noun_variants_2019,Journal Article,True,True,,False,False,,legacy Tagged Fiji? = Yes but no Research Geography row
alifereti_indigenous_knowledge_woven_2020,Journal Article,True,True,,False,False,,legacy Tagged Fiji? = Yes but no Research Geography row
thaman_ba_energy_needs_1979,Conference Paper,False,True,,False,False,,dropped: publication type 'Conference Paper' not in C2 include-set
bain_protective_labour_policy_1988,Journal Article,True,True,,False,False,,legacy Tagged Fiji? = Yes but no Research Geography row
bain_bavadra_1990,Book,True,True,,False,False,,legacy Tagged Fiji? = Yes but no Research Geography row
emberson-bain_labour_and_gold_1994,Book,True,True,,False,False,,legacy Tagged Fiji? = Yes but no Research Geography row
emberson-bain_sustainable_development_1994,Book,True,True,,False,False,,
emberson-bain_women_in_tonga_1998,Report,True,True,,False,False,,
balawanilotu_review_remembrance_2003,Book Review,False,True,,False,False,,dropped: publication type 'Book Review' not in C2 include-set
baleidelabaci_racial_integration_2021,Master's Thesis,True,True,,False,False,,legacy Tagged Fiji? = Yes but no Research Geography row
goundar_doctoral_supervisory_feedback_2026,Journal Article,True,True,,False,False,,
nuttall_policy_financing_sea_transport_2014,Journal Article,True,True,,False,False,,legacy Tagged Fiji? = Yes but no Research Geography row
newell_solodamu_surveys_2015,Journal Article,True,True,Kadavu,False,False,verified,
bola_sustainable_sea_transport_lomaiviti_2017,Journal Article,True,True,Lomaiviti,False,False,verified,
boladuadua_cervical_cancer_screening_2011,Master's Thesis,True,True,,False,False,,legacy Tagged Fiji? = Yes but no Research Geography row
boladuadua_ditchburn_tobacco_use_2014,Report,True,True,,False,False,,
howie_oxygen_treatment_solution_2020,Journal Article,True,True,,False,False,,legacy Tagged Fiji? = Yes but no Research Geography row
mcallister_oxygen_concentrators_fiji_2021,Journal Article,True,True,,False,False,,legacy Tagged Fiji? = Yes but no Research Geography row
mortimer_living_with_asthma_2024,Journal Article,True,True,,False,False,,
boladuadua_reimagining_global_health_2026,Journal Article,True,True,,False,False,,
wright_covid_rheumatic_fever_inequities_2026,Journal Article,True,True,,False,False,,
hartman_hmpv_ai_an_children_2026,Conference Paper,False,True,,False,False,,dropped: publication type 'Conference Paper' not in C2 include-set
bolatagici_just_like_home_2010,Journal Article,True,True,,False,False,,
buatava_footsteps_mosese_1996,Book Chapter,True,True,,False,False,,legacy Tagged Fiji? = Yes but no Research Geography row
kitolelei_fisherwomen_ocean_decade_2023,Journal Article,True,True,,False,False,,legacy Tagged Fiji? = Yes but no Research Geography row
kitolelei_climate_resilience_fiji_2024,Journal Article,True,True,,False,False,,legacy Tagged Fiji? = Yes but no Research Geography row
dehm_ecological_traits_microplastic_2026,Journal Article,True,True,,False,False,,legacy Tagged Fiji? = Yes but no Research Geography row
ford_community_informed_microplastic_2026,Journal Article,True,True,,False,False,,legacy Tagged Fiji? = Yes but no Research Geography row
cabenalevu_role_viwa_1988,Other Thesis,False,True,,False,False,,dropped: publication type 'Other Thesis' not in C2 include-set; legacy Tagged Fiji? = Yes but no Research Geography row
cabenalevu_analysis_viwa_2011,Master's Thesis,True,True,,False,False,,legacy Tagged Fiji? = Yes but no Research Geography row
cagi_pastoral_counselling_model_2009,Master's Thesis,True,True,,False,False,,legacy Tagged Fiji? = Yes but no Research Geography row
cagilaba_financial_integration_south_pacific_2019,Report,True,True,,False,False,,legacy Tagged Fiji? = Yes but no Research Geography row
cagilaba_correspondent_banking_vanuatu_2021,Report,True,True,,False,False,,
cagilaba_economic_diversification_vanuatu_2021,Report,True,True,,False,False,,
cagilaba_nauru_trust_fund_2022,Report,True,True,,False,False,,
cagilaba_long_term_growth_nauru_2022,Report,True,True,,False,False,,
jayawardena_banking_integration_2022,Journal Article,True,True,,False,False,,legacy Tagged Fiji? = Yes but no Research Geography row
cagilaba_post_covid_inflation_vanuatu_2023,Report,True,True,,False,False,,
cagilaba_digital_money_vanuatu_2023,Report,True,True,,False,False,,
al_jarbou_cagilaba_financial_sector_nauru_2023,Report,True,True,,False,False,,
cagilaba_labor_migration_fiji_2024,Report,True,True,,False,False,,legacy Tagged Fiji? = Yes but no Research Geography row
cagilaba_digital_financial_inclusion_solomon_2025,Report,True,True,,False,False,,
wilson_exploitation_habitat_2008,Journal Article,True,True,,False,False,,legacy Tagged Fiji? = Yes but no Research Geography row
wilson_habitat_degradation_2010,Journal Article,True,True,,False,False,,legacy Tagged Fiji? = Yes but no Research Geography row
cakacaka_status_fin_fisheries_2010,Report,True,True,Bua,False,False,verified,
jupiter_single_intensive_harvest_2012,Journal Article,True,True,Macuata,False,False,verified,
jupiter_provincial_icm_2012,Report,True,True,,False,False,,legacy Tagged Fiji? = Yes but no Research Geography row
comley_taxonomic_survey_intensities_2007,Report,True,True,,False,False,,legacy Tagged Fiji? = Yes but no Research Geography row
jupiter_catchments_streams_2012,Report,True,True,,False,False,,legacy Tagged Fiji? = Yes but no Research Geography row
cawanikawai_indigenous_language_loss_2024,Master's Thesis,True,True,,False,False,,
cokanauto_revisiting_habakkuk_2022,Master's Thesis,True,True,,False,False,,legacy Tagged Fiji? = Yes but no Research Geography row
copeland_freshwater_ichthyofauna_2016,Journal Article,True,True,,False,False,,legacy Tagged Fiji? = Yes but no Research Geography row
copeland_endemic_catadromous_prisma_2023,Journal Article,True,True,,False,False,,
tuiwawa_white_black_list_2023,Journal Article,True,True,,False,False,,legacy Tagged Fiji? = Yes but no Research Geography row
walsh_freshwater_tabus_2018,Report,True,True,,False,False,,legacy Tagged Fiji? = Yes but no Research Geography row
bulamainaivalu_fiji_hibiscus_health_audit_2013,Journal Article,True,True,,False,False,,legacy Tagged Fiji? = Yes but no Research Geography row
hawea_cultural_determinants_2021,Journal Article,True,True,,False,False,,legacy Tagged Fiji? = Yes but no Research Geography row
naliva_nutrition_related_health_ageing_fiji_2024,Journal Article,True,True,,False,False,,legacy Tagged Fiji? = Yes but no Research Geography row
naliva_dietary_intake_older_fiji_2026,Journal Article,True,True,,False,False,,legacy Tagged Fiji? = Yes but no Research Geography row
dakuidreketi_context_science_teaching_book_2006,Book,True,True,,False,False,,legacy Tagged Fiji? = Yes but no Research Geography row
dakuidreketi_ethnic_fijian_underachievement_2008,Book Chapter,True,True,,False,False,,legacy Tagged Fiji? = Yes but no Research Geography row
dakuidreketi_highlights_career_2008,Book Chapter,True,True,,False,False,,legacy Tagged Fiji? = Yes but no Research Geography row
dakuidreketi_oral_traditional_thought_2012,Journal Article,True,True,,False,False,,legacy Tagged Fiji? = Yes but no Research Geography row
dakuidreketi_scientific_method_literacy_2014,Journal Article,True,True,,False,False,,legacy Tagged Fiji? = Yes but no Research Geography row
dakuidreketi_making_education_functional_2014,Book Chapter,True,True,,False,False,,legacy Tagged Fiji? = Yes but no Research Geography row
reddy_mobile_learning_readiness_2017,Conference Paper,False,True,,False,False,,dropped: publication type 'Conference Paper' not in C2 include-set
hogan_commercial_activity_pacific_education_2019,Report,True,True,,False,False,,legacy Tagged Fiji? = Yes but no Research Geography row
bulamainaivalu_dietary_pattern_molituva_vusuya_2016,Journal Article,True,True,,False,False,,legacy Tagged Fiji? = Yes but no Research Geography row
naliva_determinants_nutrition_risk_2026,Journal Article,True,True,,False,False,,legacy Tagged Fiji? = Yes but no Research Geography row
naliva_fruits_vegetables_early_life_2016,Journal Article,True,True,,False,False,,legacy Tagged Fiji? = Yes but no Research Geography row
hawea_caregivers_behavioural_determinants_2020,Conference Paper,False,True,,False,False,,dropped: publication type 'Conference Paper' not in C2 include-set; legacy Tagged Fiji? = Yes but no Research Geography row
singh_national_integrity_fiji_2001,Report,True,True,,False,False,,legacy Tagged Fiji? = Yes but no Research Geography row
dalituicama_governance_high_seas_pockets_2022,Master's Thesis,True,True,,False,False,,legacy Tagged Fiji? = Yes but no Research Geography row
daurewa_managing_climate_fijian_style_2007,Other,False,True,,False,False,,dropped: publication type 'Other' not in C2 include-set; legacy Tagged Fiji? = Yes but no Research Geography row
daurewa_meeting_standards_2010,Other,False,True,Kadavu,False,False,verified,dropped: publication type 'Other' not in C2 include-set
daurewa_pragmatic_election_2016,Book Chapter,True,True,,False,False,,legacy Tagged Fiji? = Yes but no Research Geography row
daurewa_building_capacity_redd_2018,Report,True,True,Macuata; Nadroga/Navosa,False,False,verified,
daurewa_understanding_women_spaces_2019,Report,True,True,Ba; Bua,False,False,verified,
daurewa_vitogo_river_flooding_2019,Report,True,True,Ba,False,False,verified,
daveta_screening_pgrb_malolo_naviti_2023,Conference Paper,False,True,Ba; Nadroga/Navosa,False,False,verified,dropped: publication type 'Conference Paper' not in C2 include-set
bolatolu_growth_exotic_timber_restoration_fiji_2023,Journal Article,True,True,,False,False,,legacy Tagged Fiji? = Yes but no Research Geography row
marin_global_soil_biodiversity_action_2026,Journal Article,True,True,,False,False,,
daveta_culturable_microbial_diversity_naviti_2024,Conference Paper,False,True,,False,False,,dropped: publication type 'Conference Paper' not in C2 include-set; legacy Tagged Fiji? = Yes but no Research Geography row
tomlinson_degei_theologies_mana_sau_fiji_2016,Book Chapter,True,True,,False,False,,legacy Tagged Fiji? = Yes but no Research Geography row
sopoaga_developing_health_workforce_2011,Journal Article,True,True,,False,False,,
cammock_outcome_injury_questionnaire_2014,Journal Article,True,True,,False,False,,
conn_people_food_planet_2020,Journal Article,True,True,,False,False,,
conn_rethinking_public_health_education_2021,Journal Article,True,True,,False,False,,
tonumaipea_food_havens_2021,Journal Article,True,True,,False,False,,
conn_transforming_public_health_education_2021,Journal Article,True,True,,False,False,,
enari_indigenising_moanaroa_2024,Journal Article,True,True,,False,False,,
delaibatiki_emergency_obstetric_family_planning_2010,Master's Thesis,True,True,Namosi; Rewa; Serua; Naitasiri; Tailevu,False,False,verified,
delaibatiki_emergency_obstetric_care_2009,Conference Paper,False,True,Namosi; Rewa; Serua; Naitasiri; Tailevu,False,False,verified,dropped: publication type 'Conference Paper' not in C2 include-set
cammock_family_planning_pacific_voices_2014,Conference Paper,False,True,,False,False,,dropped: publication type 'Conference Paper' not in C2 include-set; legacy Tagged Fiji? = Yes but no Research Geography row
durutalo_liberation_pacific_intellectual_1983,Journal Article,True,True,,False,False,,
durutalo_factory_forestry_fiji_1984,Book Chapter,True,True,,False,False,,legacy Tagged Fiji? = Yes but no Research Geography row
durutalo_fiji_trade_union_crossroads_1985,Journal Article,True,True,,False,False,,legacy Tagged Fiji? = Yes but no Research Geography row
durutalo_paramountcy_fijian_interest_1986,Book,True,True,,False,False,,legacy Tagged Fiji? = Yes but no Research Geography row
durutalo_anthropology_authoritarianism_1992,Book Chapter,True,True,,False,False,,
durutalo_logging_industry_fiji_1982,Other,False,True,,False,False,,dropped: publication type 'Other' not in C2 include-set; legacy Tagged Fiji? = Yes but no Research Geography row
finau_indigenous_accounting_duality_2025,Journal Article,True,True,,False,False,,legacy Tagged Fiji? = Yes but no Research Geography row
larson_ecosystem_accounting_first_nations_2026,Journal Article,True,True,,False,False,,
finau_ambivalence_accounting_customary_land_2024,Book Chapter,True,True,,False,False,,legacy Tagged Fiji? = Yes but no Research Geography row
gharbaoui_integrating_non_economic_loss_damage_2025,Book Chapter,True,True,,False,False,,legacy Tagged Fiji? = Yes but no Research Geography row
fong_copeland_stakeholder_consultation_soasoa_2021,Report,True,True,Macuata,False,False,verified,
naituku_broad_mites_2024,Journal Article,True,True,,False,False,,legacy Tagged Fiji? = Yes but no Research Geography row
deesh_weed_population_eggplant_2024,Journal Article,True,True,Nadroga/Navosa; Ba,False,False,verified,
singh_peterson_accounting_culture_neld_2025,Journal Article,True,True,Macuata; Cakaudrove,False,False,verified,
nunn_culasawani_midden_2026,Journal Article,True,True,Macuata,False,False,verified,
gaunavinaka_qumivutia_revolutionizing_radiology_fiji_2025,Conference Paper,False,True,,False,False,,dropped: publication type 'Conference Paper' not in C2 include-set; legacy Tagged Fiji? = Yes but no Research Geography row
rambaran_ginigini_essential_oil_profiles_2020,Journal Article,True,False,,False,False,,
gonelevu_rmi_outer_islands_energy_survey_2012,Report,True,False,,False,False,,
soakai_gonelevu_rakai_renewables_readiness_solomon_2024,Report,True,False,,False,False,,
kaitani_young_men_sexual_risk_2003,Journal Article,True,True,Rewa,False,False,verified,
kaitani_social_welfare_poverty_2007,Journal Article,True,True,,False,False,,legacy Tagged Fiji? = Yes but no Research Geography row
kaitani_fiji_approach_poverty_2007,Journal Article,True,True,,False,False,,legacy Tagged Fiji? = Yes but no Research Geography row
kaitani_development_on_move_fiji_2011,Report,True,True,,False,False,,legacy Tagged Fiji? = Yes but no Research Geography row
kaitani_dotm_fiji_migration_impact_2010,Report,True,True,,False,False,,legacy Tagged Fiji? = Yes but no Research Geography row
kaitani_child_labour_fiji_summary_2010,Report,True,True,,False,False,,legacy Tagged Fiji? = Yes but no Research Geography row
kaitani_hiv_kab_survey_2010,Report,True,True,,False,False,,
kaitani_weather_coast_health_2010,Report,True,True,,False,False,,
kaitani_verebalavu_child_labour_education_2010,Report,True,True,,False,False,,legacy Tagged Fiji? = Yes but no Research Geography row
kanainabogi_exploring_pms_fijian_smes_2011,Conference Paper,False,True,,False,False,,dropped: publication type 'Conference Paper' not in C2 include-set; legacy Tagged Fiji? = Yes but no Research Geography row
kanainabogi_pms_fijian_smes_2012,Conference Paper,False,True,,False,False,,dropped: publication type 'Conference Paper' not in C2 include-set; legacy Tagged Fiji? = Yes but no Research Geography row
kanainabogi_pms_fijian_smes_2013,Conference Paper,False,True,,False,False,,dropped: publication type 'Conference Paper' not in C2 include-set; legacy Tagged Fiji? = Yes but no Research Geography row
kasanawaqa_environmental_protection_sids_2026,Report,True,True,,False,False,,
kawa_pastoral_leadership_premarital_kalabu_2022,Master's Thesis,True,True,Naitasiri,False,False,verified,
raturi_kedrayate_impact_elearning_2015,Journal Article,True,True,,False,False,,legacy Tagged Fiji? = Yes but no Research Geography row
kedrayate_nonformal_relevant_obsolete_2012,Journal Article,True,True,,False,False,,
hogan_kedrayate_elearning_survival_2011,Journal Article,True,True,,False,False,,legacy Tagged Fiji? = Yes but no Research Geography row
kedrayate_reconciliation_peace_building_2006,Book Chapter,True,True,,False,False,,
kedrayate_learning_traditional_societies_2004,Journal Article,True,True,,False,False,,
kedrayate_schulz_voices_pacific_women_teachers_2003,Book,True,True,,False,False,,
kedrayate_culture_curriculum_2002,Journal Article,True,True,,False,False,,legacy Tagged Fiji? = Yes but no Research Geography row
kedrayate_education_nation_building_2002,Journal Article,True,True,,False,False,,legacy Tagged Fiji? = Yes but no Research Geography row
kedrayate_why_nonformal_fiji_2001,Journal Article,True,True,,False,False,,legacy Tagged Fiji? = Yes but no Research Geography row
kedrayate_effective_communication_families_1999,Journal Article,True,True,,False,False,,
kedrayate_conceptualisation_nonformal_1997,Journal Article,True,True,,False,False,,legacy Tagged Fiji? = Yes but no Research Geography row
kedrayate_hunfeld_evaluation_married_couples_tutu_1983,Report,True,True,Cakaudrove,False,False,verified,
kedrayate_schulz_introducing_genre_1996,Other,False,True,,False,False,,dropped: publication type 'Other' not in C2 include-set
kedrayate_ed158_nonformal_1994,Other,False,True,,False,False,,dropped: publication type 'Other' not in C2 include-set
kedrayate_training_trainers_nonformal_fiji_1986,Other,False,True,,False,False,,dropped: publication type 'Other' not in C2 include-set; legacy Tagged Fiji? = Yes but no Research Geography row
kedrayate_participatory_needs_assessment_1996,Other,False,True,,False,False,,dropped: publication type 'Other' not in C2 include-set
koliyavu_insitu_dom_2021,Journal Article,True,True,Rewa,False,False,verified,
koliyavu_snapshots_cdom_2019,Conference Paper,False,True,,False,False,,dropped: publication type 'Conference Paper' not in C2 include-set; legacy Tagged Fiji? = Yes but no Research Geography row
koroivulaono_leveraging_technology_2011,Book Chapter,True,True,,False,False,,
koroivulaono_open_educational_resources_2014,Journal Article,True,True,,False,False,,
crump_remote_rural_education_2020,Book Chapter,True,True,,False,False,,
koroivulaono_student_online_orientation_2014,Conference Paper,False,True,,False,False,,dropped: publication type 'Conference Paper' not in C2 include-set
hazelman_koroivulaono_what_next_2013,Conference Paper,False,True,,False,False,,dropped: publication type 'Conference Paper' not in C2 include-set
koroivulaono_snapshot_transforming_pedagogies_2013,Conference Paper,False,True,,False,False,,dropped: publication type 'Conference Paper' not in C2 include-set
koroivulaono_repurposing_oer_2010,Conference Paper,False,True,,False,False,,dropped: publication type 'Conference Paper' not in C2 include-set
anderson_changes_climate_vegetation_batilamu_2018,Journal Article,True,True,Ba,False,False,verified,
koroi_forest_genetic_resources_pacific_2025,Other,False,True,,False,False,,dropped: publication type 'Other' not in C2 include-set; legacy Tagged Fiji? = Yes but no Research Geography row
kirmani_kilaka_forest_2018,Report,True,True,Bua,False,False,verified,
azam_koroi_effect_low_cost_2013,Journal Article,True,True,,False,False,,legacy Tagged Fiji? = Yes but no Research Geography row
azam_koroi_formulation_growout_2013,Journal Article,True,True,,False,False,,legacy Tagged Fiji? = Yes but no Research Geography row
rana_koroitamana_maintenance_effectiveness_2018,Journal Article,True,True,,False,False,,
igoshi_koroitamana_leading_edge_sweep_2011,Conference Paper,False,True,,False,False,,dropped: publication type 'Conference Paper' not in C2 include-set
nunn_contextualizing_relocations_ra_2026,Journal Article,True,True,Ra,False,False,verified,
nunn_water_perfect_storm_2025,Journal Article,True,True,,False,False,,legacy Tagged Fiji? = Yes but no Research Geography row
fink_community_participation_fiji_2021,Book Chapter,True,True,,False,False,,legacy Tagged Fiji? = Yes but no Research Geography row
nunn_adaptation_contemporary_2020,Book Chapter,True,True,,False,False,,legacy Tagged Fiji? = Yes but no Research Geography row
tawake_biodiversity_eia_2026,Report,True,True,,False,False,,legacy Tagged Fiji? = Yes but no Research Geography row
sprunt_teacher_guide_disability_inclusive_fiji_2023,Report,True,True,,False,False,,legacy Tagged Fiji? = Yes but no Research Geography row
koto_morphometric_nadi_watershed_2014,Other,False,True,,False,False,,dropped: publication type 'Other' not in C2 include-set; legacy Tagged Fiji? = Yes but no Research Geography row
gibson_kuilamu_remote_learning_2021,Journal Article,True,True,,False,False,,legacy Tagged Fiji? = Yes but no Research Geography row
mafi_kuilamu_ecotourism_fiji_2022,Book Chapter,True,True,,False,False,,legacy Tagged Fiji? = Yes but no Research Geography row
pratt_kuilamu_pacific_economies_2023,Book Chapter,True,True,,False,False,,
pratt_gibson_kuilamu_rotuma_2023,Journal Article,True,True,,False,False,,legacy Tagged Fiji? = Yes but no Research Geography row
nunn_kuruyawa_bourewa_lapita_2004,Journal Article,True,True,Nadroga/Navosa,False,False,verified,
lagi_vanua_sauvi_2017,Book Chapter,True,True,Lomaiviti,False,False,verified,
koya_vakauta_lagi_reflections_oceania_2018,Book Chapter,True,True,,False,False,,
bower_lagi_climate_social_health_2026,Journal Article,True,True,,False,False,,
moran_lagi_climate_impacts_ovalau_2026,Journal Article,True,True,Lomaiviti,False,False,verified,
lagi_covid19_resilient_2020,Journal Article,True,True,,False,False,,
lagi_teaching_literacy_2019,Journal Article,True,True,Lomaiviti,False,False,verified,
lagi_compulsory_english_2016,Journal Article,True,True,Macuata,False,False,verified,
igglesden_lagi_veitalanoa_2025,Other,False,True,,False,False,,dropped: publication type 'Other' not in C2 include-set
dorovolomo_lagi_symposium_2023,Other,False,True,,False,False,,dropped: publication type 'Other' not in C2 include-set
lagi_climate_higher_education_fiji_2022,Other,False,True,,False,False,verified,dropped: publication type 'Other' not in C2 include-set; verified Fiji rows exist but no province recorded
koya_rafiq_lagi_education_future_2014,Other,False,True,,False,False,verified,dropped: publication type 'Other' not in C2 include-set; verified Fiji rows exist but no province recorded
lako_employment_relations_hotel_sector_2024,PhD Thesis,True,True,,False,False,verified,verified Fiji rows exist but no province recorded
naidu_lako_herzberg_2017,Journal Article,True,True,,False,False,,
naidu_lako_public_admin_indenture_2020,Book Chapter,True,True,,False,False,verified,verified Fiji rows exist but no province recorded
naidu_lako_education_smart_2021,Book Chapter,True,True,,False,False,,
naidu_lako_covid_tourism_2021,Book Chapter,True,True,,False,False,verified,verified Fiji rows exist but no province recorded
chand_lako_ir_legislation_fiji_2017,Other,False,True,,False,False,verified,dropped: publication type 'Other' not in C2 include-set; verified Fiji rows exist but no province recorded
naidu_lako_girmit_public_admin_2017,Other,False,True,,False,False,verified,dropped: publication type 'Other' not in C2 include-set; verified Fiji rows exist but no province recorded
kumar_lako_exploring_covid_tourism_2020,Other,False,True,,False,False,verified,dropped: publication type 'Other' not in C2 include-set; verified Fiji rows exist but no province recorded
chand_lako_bulubulu_ipv_2026,Journal Article,True,True,,False,False,verified,verified Fiji rows exist but no province recorded
latianara_imo_instruments_fiji_2025,Master's Thesis,True,True,Fiji - no province specified,True,False,verified,
lesi_challenges_eating_healthily_2023,Conference Paper,False,True,Fiji - no province specified,True,False,verified,dropped: publication type 'Conference Paper' not in C2 include-set
levula_social_network_mental_health_life_stages_2016,Journal Article,True,True,,False,False,,
levula_social_network_mediators_2017,Journal Article,True,True,,False,False,,
levula_depression_anxiety_life_stages_2018,Journal Article,True,True,,False,False,,
shah_levula_routing_iot_2021,Journal Article,True,True,,False,False,,
shah_levula_blockchain_ddos_iot_2022,Journal Article,True,True,,False,False,,
shah_levula_usb_forensics_nz_2022,Journal Article,True,True,,False,False,,
shah_levula_teaching_sustainability_australia_2022,Journal Article,True,True,,False,False,,
castro_levula_knowledge_sharing_agile_2022,Journal Article,True,True,,False,False,,
mirza_levula_lesson_planning_2022,Book Chapter,True,True,,False,False,,
levula_modelling_social_network_mental_health_2018,PhD Thesis,True,True,,False,False,,
levula_complexity_healthcare_social_networks_2013,Conference Paper,False,True,,False,False,,dropped: publication type 'Conference Paper' not in C2 include-set
levula_social_network_survey_cancer_2014,Conference Paper,False,True,,False,False,,dropped: publication type 'Conference Paper' not in C2 include-set
castro_levula_km_publications_2021,Conference Paper,False,True,,False,False,,dropped: publication type 'Conference Paper' not in C2 include-set
castro_levula_sustainable_knowledge_sharing_2022,Conference Paper,False,True,,False,False,,dropped: publication type 'Conference Paper' not in C2 include-set
rushee_levula_australians_restrictions_2022,Conference Paper,False,True,,False,False,,dropped: publication type 'Conference Paper' not in C2 include-set
castro_levula_fts_virtual_teams_2023,Conference Paper,False,True,,False,False,,dropped: publication type 'Conference Paper' not in C2 include-set
leweniqila_breadfruit_marcotting_2016,Journal Article,True,True,Nadroga/Navosa,False,False,verified,
vunibola_leweniqila_food_security_community_development_2021,Journal Article,True,True,Macuata; Ra,False,False,verified,
leweniqila_kumala_crop_opportunity_2019,Conference Paper,False,True,Fiji - no province specified,True,False,verified,dropped: publication type 'Conference Paper' not in C2 include-set
loga_performance_appraisal_2019,Journal Article,True,True,Fiji - no province specified,True,False,verified,
loga_path_dependency_2022,Journal Article,True,True,Fiji - no province specified,True,False,verified,
parker_loga_gender_ethnic_equity_gwo_2022,Journal Article,True,True,,False,False,,
parker_loga_pragmatic_tdr_2022,Journal Article,True,True,,False,False,,
parker_loga_gender_ethnic_equity_labour_2022,Journal Article,True,True,,False,False,,
parker_loga_whose_equity_2024,Journal Article,True,True,,False,False,,
parker_loga_evidencing_womens_progress_2023,Book Chapter,True,True,,False,False,,
parker_loga_gender_indices_2024,Book Chapter,True,True,,False,False,,
loga_evolution_public_administration_conflict_2024,PhD Thesis,True,True,Fiji - no province specified,True,False,verified,
loganimoce_coral_rehabilitation_sawana_2022,Journal Article,True,True,Lau,False,False,verified,
loganimoce_traditional_practices_lau_2023,Journal Article,True,True,,False,False,,legacy Tagged Fiji? = Yes but no Research Geography row
loganimoce_navakavu_spillover_2011,Conference Paper,False,True,Rewa,False,False,verified,dropped: publication type 'Conference Paper' not in C2 include-set
moore_lumelume_ready_to_read_1992,Journal Article,True,True,,False,False,verified,verified Fiji rows exist but no province recorded
lumelume_taylor_mere_caterpillar_1999,Other,False,True,,False,False,,dropped: publication type 'Other' not in C2 include-set; legacy Tagged Fiji? = Yes but no Research Geography row
lumelume_our_blue_tent_1999,Other,False,True,,False,False,,dropped: publication type 'Other' not in C2 include-set; legacy Tagged Fiji? = Yes but no Research Geography row
bale_silences_representations_postcolonial_indigenous_2025,PhD Thesis,True,True,,False,False,,
banivanua_mar_bulimen_hardwork_indenture_identity_2000,PhD Thesis,True,True,,False,False,,
bogitini_genetics_morphological_analysis_occurrence_undated,Master's Thesis,True,True,,False,False,,legacy Tagged Fiji? = Yes but no Research Geography row
tarai_collective_diplomacy_south_pacific_2016,Master's Thesis,True,True,,False,False,,
vanualailai_applications_direct_method_lyapunov_undated,PhD Thesis,True,True,,False,False,,
ravuiwasa_effects_irradiation_planococcus_minor_2007,Master's Thesis,True,True,,False,False,,
ravuiwasa_temperature_dependent_demography_two_2011,PhD Thesis,True,True,,False,False,,
sekinairai_understanding_human_impacts_marine_2021,Master's Thesis,True,True,,False,False,,legacy Tagged Fiji? = Yes but no Research Geography row
young_island_closest_heaven_japanese_2005,Master's Thesis,True,True,,False,False,,legacy Tagged Fiji? = Yes but no Research Geography row
bainivalu_microbial_profiling_qawa_river_2016,Master's Thesis,True,True,,False,False,,legacy Tagged Fiji? = Yes but no Research Geography row
nailatikau_social_cohesion_myth_oneness_2024,Master's Thesis,True,True,,False,False,,legacy Tagged Fiji? = Yes but no Research Geography row
rokocakau_fault_diagnostic_techniques_deep_2026,PhD Thesis,True,True,,False,False,,
vakaoti_system_but_out_place_2007,PhD Thesis,True,True,,False,False,,legacy Tagged Fiji? = Yes but no Research Geography row
korovulavula_economic_indicators_sustainability_catchment_2002,Master's Thesis,True,True,,False,False,,
lesuma_sprawl_automobile_dependence_plausible_2021,Master's Thesis,True,True,,False,False,,legacy Tagged Fiji? = Yes but no Research Geography row
tadulala_groundwater_exploration_integrated_approach_2025,Master's Thesis,True,True,,False,False,,
tukana_study_brucellosis_cattle_within_2018,PhD Thesis,True,True,,False,False,,
vada_tourist_perspective_examining_effects_2019,PhD Thesis,True,True,,False,False,,
veitata_community_response_post_cyclone_disaster_undated,Master's Thesis,True,True,,False,False,,legacy Tagged Fiji? = Yes but no Research Geography row
waqalevu_development_enrichment_brachionus_plicatilis_2019,PhD Thesis,True,True,,False,False,,
rabe_analysis_fiji_s_readiness_establish_2024,Master's Thesis,True,True,,False,False,verified,verified Fiji rows exist but no province recorded
sukanaivalu_south_pacific_uniform_maritime_1986,Master's Thesis,True,True,,False,False,,legacy Tagged Fiji? = Yes but no Research Geography row
kanawale_maritime_labour_convention_2006_2021,Master's Thesis,True,True,,False,False,,legacy Tagged Fiji? = Yes but no Research Geography row
moceiwai_revision_international_convention_standards_1995,Master's Thesis,True,True,,False,False,,legacy Tagged Fiji? = Yes but no Research Geography row
tiko_education_administration_small_island_2010,Master's Thesis,True,True,,False,False,,
odrovakavula_exploring_safety_management_construction_2019,Master's Thesis,True,True,,False,False,,legacy Tagged Fiji? = Yes but no Research Geography row
qabale_investigation_classroom_verbal_interactions_2025,PhD Thesis,True,True,,False,False,verified,verified Fiji rows exist but no province recorded
rakai_neutral_framework_modelling_analysing_2005,PhD Thesis,True,True,,False,False,,
vatanimoto_mausio_boomerangs_fijian_dilemma_australian_2006,PhD Thesis,True,True,,False,False,,legacy Tagged Fiji? = Yes but no Research Geography row
bogidrau_investing_success_case_rural_2009,Master's Thesis,True,True,,False,False,,legacy Tagged Fiji? = Yes but no Research Geography row
seru_people_disabilities_ignored_during_2016,Master's Thesis,True,True,,False,False,,
perham_challenges_faced_teaching_english_undated,Master's Thesis,True,True,,False,False,,legacy Tagged Fiji? = Yes but no Research Geography row
tuifagalele_vasu_case_intergenerational_understandings_2021,Master's Thesis,True,True,,False,False,,legacy Tagged Fiji? = Yes but no Research Geography row
naivalulevu_safe_water_healthy_communities_2026,Master's Thesis,True,True,,False,False,,legacy Tagged Fiji? = Yes but no Research Geography row
dokonivalu_factors_affecting_startups_management_2025,Master's Thesis,True,True,,False,False,,
kuru_god_s_word_water_re_1994,Master's Thesis,True,True,,False,False,,legacy Tagged Fiji? = Yes but no Research Geography row
rabaka_investigating_utility_abrus_precatorius_2024,Master's Thesis,True,True,,False,False,,legacy Tagged Fiji? = Yes but no Research Geography row
nayacakalou_fijian_leadership_1963,PhD Thesis,True,True,,False,False,,legacy Tagged Fiji? = Yes but no Research Geography row
rova_role_head_department_1987,Master's Thesis,True,True,,False,False,,legacy Tagged Fiji? = Yes but no Research Geography row
tuiwawa_revision_syzygium_vanuatu_2008,Master's Thesis,True,True,,False,False,,
macanawai_disability_pacific_2009,Book Chapter,True,True,,False,False,,
matadradra_melanesians_margins_2022,PhD Thesis,True,True,Fiji - no province specified,True,False,verified,
naidu_matadradra_osborne_sahib_informal_2015,Journal Article,True,True,Fiji - no province specified,True,False,verified,
halter_matadradra_vunilagi_2020,Journal Article,True,True,Rewa,False,False,verified,
matadradra_minority_melanesians_suva_2022,Book Chapter,True,True,Rewa,False,False,verified,
matadradra_na_viti_2025,Journal Article,True,True,Fiji - no province specified,True,False,verified,
matadradra_deconstructing_colonial_bias_2025,Book Chapter,True,True,Fiji - no province specified,True,False,verified,
naidu_matadradra_namara_tiri_2014,Report,True,True,Macuata,False,False,verified,
naidu_matadradra_sahib_osborne_diversity_2013,Report,True,True,Fiji - no province specified,True,False,verified,
tolo_matadradra_durville_2024,Conference Paper,False,True,,False,False,,dropped: publication type 'Conference Paper' not in C2 include-set
mataitoga_dark_side_god_2024,Master's Thesis,True,True,,False,False,,
tukana_lobster_fiji_2023,Journal Article,True,True,,False,False,verified,verified Fiji rows exist but no province recorded
matakiviti_feeding_blacktip_grouper_2025,Journal Article,True,True,,False,False,,
yokogawa_blacktip_grouper_nagasaki_2026,Journal Article,True,True,,False,False,,
matakiviti_grouper_fijian_community_2023,Conference Paper,False,True,Kadavu,False,False,verified,dropped: publication type 'Conference Paper' not in C2 include-set
yokogawa_blacktip_life_history_pices_2025,Conference Paper,False,True,,False,False,,dropped: publication type 'Conference Paper' not in C2 include-set
matakiviti_blacktip_life_history_2026,Preprint,False,True,,False,False,,dropped: preprint excluded from all C2 counts
matatolu_ar_vr_2021,Book Chapter,True,True,,False,False,,
gupta_matatolu_soundscapes_2025,Journal Article,True,True,,False,False,,legacy Tagged Fiji? = Yes but no Research Geography row
piirman_pratt_matatolu_home_screen_2025,Journal Article,True,True,,False,False,,legacy Tagged Fiji? = Yes but no Research Geography row
mateiviti_tulavu_identity_relationship_2017,Book,True,True,Fiji - no province specified,True,False,verified,
mateiviti_tulavu_theologising_solesolevaki_2022,Book Chapter,True,True,,False,False,,
mateiviti_tulavu_sautu_wellbeing_2023,Journal Article,True,True,Fiji - no province specified,True,False,verified,
mateiviti_tulavu_sautu_obsa_2023,Conference Paper,False,True,Fiji - no province specified,True,False,verified,dropped: publication type 'Conference Paper' not in C2 include-set
mateiwai_rethinking_vakanomodi_2016,Master's Thesis,True,True,,False,False,,legacy Tagged Fiji? = Yes but no Research Geography row
nabobo_baba_teacher_education_new_times_2007,Book Chapter,True,True,,False,False,,
nabobo_baba_global_local_intersections_2008,Book Chapter,True,True,,False,False,,
nabobo_baba_life_learning_vugalei_2008,Book Chapter,True,True,Tailevu,False,False,verified,
nabobo_baba_esd_life_learning_2010,Book Chapter,True,True,Fiji - no province specified,True,False,verified,
nabobo_baba_epistemological_sustainable_2010,Book Chapter,True,True,Fiji - no province specified,True,False,verified,
nabobo_baba_rethinking_e_education_2014,Book Chapter,True,True,,False,False,,
dorovolomo_rafiq_nabobo_postgraduate_2021,Journal Article,True,True,,False,False,,
chand_karan_mapuru_nabobo_police_2024,Journal Article,True,True,Fiji - no province specified,True,False,verified,
nabobo_baba_place_to_sit_vugalei_2006,Conference Paper,False,True,Tailevu,False,False,verified,dropped: publication type 'Conference Paper' not in C2 include-set
nabobo_deo_mixed_mode_2003,Conference Paper,False,True,,False,False,,dropped: publication type 'Conference Paper' not in C2 include-set
coxon_tolley_fua_nabobo_swaps_2011,Report,True,True,,False,False,,
naica_ferreira_freshwater_kalabu_2016,Journal Article,True,True,Naitasiri,False,False,verified,
ferreira_matos_naca_winston_2016,Book Chapter,True,True,Fiji - no province specified,True,False,verified,
naca_ethics_food_biodiversity_2018,Conference Paper,False,True,,False,False,,dropped: publication type 'Conference Paper' not in C2 include-set
naduva_reporting_csa_fiji_2023,Conference Paper,False,True,Fiji - no province specified,True,False,verified,dropped: publication type 'Conference Paper' not in C2 include-set
naikatini_interspecific_2022,Journal Article,True,True,,False,False,,legacy Tagged Fiji? = Yes but no Research Geography row
naikatini_avian_diversity_2022,Journal Article,True,True,,False,False,,legacy Tagged Fiji? = Yes but no Research Geography row
naikatini_elevational_2024,Journal Article,True,True,,False,False,,legacy Tagged Fiji? = Yes but no Research Geography row
andersen_honeyeaters_2014,Journal Article,True,True,,False,False,,legacy Tagged Fiji? = Yes but no Research Geography row
titoko_bird_richness_suva_2019,Journal Article,True,True,,False,False,,legacy Tagged Fiji? = Yes but no Research Geography row
naikatini_sovi_basin_2017,Journal Article,True,True,,False,False,,legacy Tagged Fiji? = Yes but no Research Geography row
petit_bat_pollination_2022,Journal Article,True,True,,False,False,,legacy Tagged Fiji? = Yes but no Research Geography row
nailatikau_rabuka_peacemaking_2024,Other,False,True,,False,False,,dropped: publication type 'Other' not in C2 include-set; legacy Tagged Fiji? = Yes but no Research Geography row
nailatikau_foreign_policy_white_paper_2024,Other,False,True,,False,False,,dropped: publication type 'Other' not in C2 include-set; legacy Tagged Fiji? = Yes but no Research Geography row
nailatikau_trump_tariffs_2025,Other,False,True,,False,False,,dropped: publication type 'Other' not in C2 include-set; legacy Tagged Fiji? = Yes but no Research Geography row
nailatikau_patriarchal_bargain_2025,Other,False,True,,False,False,,dropped: publication type 'Other' not in C2 include-set; legacy Tagged Fiji? = Yes but no Research Geography row
nailatikau_pacific_youth_climate_justice_2026,Other,False,True,,False,False,,dropped: publication type 'Other' not in C2 include-set; legacy Tagged Fiji? = Yes but no Research Geography row
naisilisili_community_parenting_cuu_2012,Book Chapter,True,True,Macuata,False,False,verified,
naisilisili_iluvatu_decolonising_framework_2015,Conference Paper,False,True,,False,False,,dropped: publication type 'Conference Paper' not in C2 include-set; legacy Tagged Fiji? = Yes but no Research Geography row
tarabe_naisilisili_decolonizing_fiji_2007,Conference Paper,False,True,,False,False,,dropped: publication type 'Conference Paper' not in C2 include-set; legacy Tagged Fiji? = Yes but no Research Geography row
naisilisili_balawaviriki_access_equity_2009,Unpublished,False,True,,False,False,,dropped: publication type 'Unpublished' not in C2 include-set; legacy Tagged Fiji? = Yes but no Research Geography row
dakuidreketi_naisilisili_indigenous_science_2013,Unpublished,False,True,,False,False,,dropped: publication type 'Unpublished' not in C2 include-set
narawa_fiji_ircr_2024,Book Chapter,True,True,,False,False,verified,verified Fiji rows exist but no province recorded
narawa_family_law_parental_maintenance_2010,Conference Paper,False,True,,False,False,,dropped: publication type 'Conference Paper' not in C2 include-set; legacy Tagged Fiji? = Yes but no Research Geography row
narawa_traditional_dispute_resolution_fiji_family_courts_2011,Conference Paper,False,True,,False,False,,dropped: publication type 'Conference Paper' not in C2 include-set; legacy Tagged Fiji? = Yes but no Research Geography row
narawa_lonely_learner_2022,Conference Paper,False,True,,False,False,,dropped: publication type 'Conference Paper' not in C2 include-set
narawa_fijian_constitutionalism_2025,Conference Paper,False,True,,False,False,,dropped: publication type 'Conference Paper' not in C2 include-set; legacy Tagged Fiji? = Yes but no Research Geography row
narawa_pacific_law_students_nz_2025,Conference Paper,False,True,,False,False,,dropped: publication type 'Conference Paper' not in C2 include-set
narawa_fault_fairness_acc_2025,Conference Paper,False,True,,False,False,,dropped: publication type 'Conference Paper' not in C2 include-set
narawa_whose_law_legal_pluralism_2026,Conference Paper,False,True,,False,False,,dropped: publication type 'Conference Paper' not in C2 include-set
sobey_werner_thomson_water_security_2026,Other,False,True,,False,False,,dropped: publication type 'Other' not in C2 include-set; legacy Tagged Fiji? = Yes but no Research Geography row
metherall_tropical_cyclones_tree_cover_2026,Journal Article,True,True,,False,False,,legacy Tagged Fiji? = Yes but no Research Geography row
nasaroa_kalougata_2015,Master's Thesis,True,True,,False,False,,legacy Tagged Fiji? = Yes but no Research Geography row
nasaroa_vakatagi_2016,Journal Article,True,True,,False,False,,legacy Tagged Fiji? = Yes but no Research Geography row
navila_unique_intergenerational_2014,Book Chapter,True,True,Ra; Naitasiri; Namosi; Nadroga/Navosa,False,False,verified,
nawaqalia_vanua_framework_2025,Journal Article,True,True,,False,False,verified,verified Fiji rows exist but no province recorded
nayacakalou_land_tenure_tonga_1959,Journal Article,True,True,,False,False,,
nayacakalou_problems_development_fiji_1959,Journal Article,True,True,,False,False,verified,verified Fiji rows exist but no province recorded
nayacakalou_village_life_1959,Other,False,True,,False,False,verified,dropped: publication type 'Other' not in C2 include-set; verified Fiji rows exist but no province recorded
nayacakalou_land_tenure_samoa_1960,Journal Article,True,True,,False,False,,
nayacakalou_urban_fijians_1963,Book Chapter,True,True,Rewa,False,False,verified,
nayacakalou_manipulating_system_1971,Book Chapter,True,True,,False,False,verified,verified Fiji rows exist but no province recorded
nayacakalou_leadership_fiji_1975,Book,True,True,,False,False,verified,verified Fiji rows exist but no province recorded
nayacakalou_tradition_change_1978,Book,True,True,,False,False,verified,verified Fiji rows exist but no province recorded
nayacakalou_review_gifford_milner_1953,Other,False,True,,False,False,verified,dropped: publication type 'Other' not in C2 include-set; verified Fiji rows exist but no province recorded
nayacakalou_traditional_authority_1961,Unpublished,False,True,,False,False,verified,dropped: publication type 'Unpublished' not in C2 include-set; verified Fiji rows exist but no province recorded
nayacakalou_leadership_economic_development_1964,Journal Article,True,True,,False,False,verified,verified Fiji rows exist but no province recorded
nayacakalou_bifurcation_lineages_1965,Conference Paper,False,True,,False,False,verified,dropped: publication type 'Conference Paper' not in C2 include-set; verified Fiji rows exist but no province recorded
nayacalevu_upr_nhri_pacific_2019,Journal Article,True,True,,False,False,,legacy Tagged Fiji? = Yes but no Research Geography row
nayacalevu_dream_on_2018,Book,True,True,,False,False,,
mcgaughey_significance_upr_2024,Book Chapter,True,True,,False,False,,
nayacalevu_legal_foundations_atrocity_2026,Report,True,True,,False,False,,legacy Tagged Fiji? = Yes but no Research Geography row
oli_acting_climate_crisis_2025,Journal Article,True,True,,False,False,,
maua_digital_health_pacific_2026,Journal Article,True,True,,False,False,,legacy Tagged Fiji? = Yes but no Research Geography row
gordon_strachan_lancet_sids_2026,Journal Article,True,True,,False,False,,
oli_climate_toll_dengue_2014,Conference Paper,False,True,,False,False,,dropped: publication type 'Conference Paper' not in C2 include-set; legacy Tagged Fiji? = Yes but no Research Geography row
oli_dengue_climate_risks_2015,Conference Paper,False,True,,False,False,,dropped: publication type 'Conference Paper' not in C2 include-set; legacy Tagged Fiji? = Yes but no Research Geography row
oli_resisting_powerful_2022,Master's Thesis,True,True,,False,False,verified,verified Fiji rows exist but no province recorded
oli_playing_hard_to_get_2020,Book Chapter,True,True,,False,False,,
kumar_early_human_settlement_fiji_2003,Report,True,True,Lomaiviti,False,False,verified,
kumar_earliest_known_humans_fiji_2004,Journal Article,True,True,Lomaiviti,False,False,verified,
tuiwawa_vegetation_monitoring_fiji_2008,Journal Article,True,True,,False,False,,legacy Tagged Fiji? = Yes but no Research Geography row
osborne_habitat_selection_fiji_tree_frog_2008,Journal Article,True,True,Naitasiri,False,False,verified,
osborne_bolos_journey_2011,Book,True,True,,False,False,,legacy Tagged Fiji? = Yes but no Research Geography row
chand_antibacterial_antifungal_essential_oils_2017,Journal Article,True,True,,False,False,,
morrison_cornufer_vitiensis_iucn_2019,Other,False,True,,False,False,,dropped: publication type 'Other' not in C2 include-set; legacy Tagged Fiji? = Yes but no Research Geography row
raturi_eportfolio_multidimensional_tool_2021,Book Chapter,True,True,,False,False,,
luedtke_ongoing_declines_amphibians_2023,Journal Article,True,True,,False,False,,
diarra_actinomycetes_fijian_ant_plant_2023,Journal Article,True,True,,False,False,,legacy Tagged Fiji? = Yes but no Research Geography row
diarra_actinomycetes_hymenopteran_insects_2024,Journal Article,True,True,,False,False,,
lata_coconut_production_fiji_2025,Journal Article,True,True,,False,False,,legacy Tagged Fiji? = Yes but no Research Geography row
siro_coral_actinobacteria_fiji_2026,Journal Article,True,True,,False,False,,legacy Tagged Fiji? = Yes but no Research Geography row
siro_antimicrobial_marine_actinobacteria_fiji_2026,Journal Article,True,True,,False,False,,legacy Tagged Fiji? = Yes but no Research Geography row
raiula_teaching_qualification_2022,Journal Article,True,True,Fiji - no province specified,True,False,verified,
raiula_quality_instruction_2023,Journal Article,True,True,Fiji - no province specified,True,False,verified,
qabale_teacher_talk_fiacs_2025,Journal Article,True,True,,False,False,verified,verified Fiji rows exist but no province recorded
qabale_post_covid_religious_technology_2025,Journal Article,True,True,,False,False,verified,verified Fiji rows exist but no province recorded
qabale_blended_learning_readiness_2026,Journal Article,True,True,,False,False,verified,verified Fiji rows exist but no province recorded
qalo_small_business_mucunabitu_1997,Book,True,True,,False,False,,legacy Tagged Fiji? = Yes but no Research Geography row
qalo_vakasamataki_vakasama_2008,Book,True,True,,False,False,,legacy Tagged Fiji? = Yes but no Research Geography row
huffer_qalo_thinking_upside_down_2004,Journal Article,True,True,,False,False,,
qalo_social_entrepreneurship_cooperatives_2011,Journal Article,True,True,Naitasiri; Lau; Ba; Rewa,False,False,verified,
qalo_malaysian_secondary_cooperatives_2008,Report,True,True,,False,False,,legacy Tagged Fiji? = Yes but no Research Geography row
qalo_msg_information_sharing_2011,Conference Paper,False,True,,False,False,,dropped: publication type 'Conference Paper' not in C2 include-set
qalubau_safeguarding_traditional_knowledge_2016,Conference Paper,False,True,,False,False,,dropped: publication type 'Conference Paper' not in C2 include-set
drucza_learmonth_qasenivalu_srhr_fiji_2026,Other,False,True,Fiji - no province specified,True,False,verified,dropped: publication type 'Other' not in C2 include-set
qionivoka_fijian_traditional_healing_1998,Master's Thesis,True,True,,False,False,verified,verified Fiji rows exist but no province recorded
raisele_reconstructing_social_capital_2021,Journal Article,True,True,Fiji - no province specified,True,False,verified,
raisele_building_resilience_covid_2021,Other,False,True,,False,False,,dropped: publication type 'Other' not in C2 include-set; legacy Tagged Fiji? = Yes but no Research Geography row
raisele_rethinking_food_security_2022,Conference Paper,False,True,Fiji - no province specified,True,False,verified,dropped: publication type 'Conference Paper' not in C2 include-set
craney_raisele_gatekeeping_pacific_youth_2026,Journal Article,True,False,Fiji - no province specified,True,False,verified,
raiula_mkt_primary_teachers_2018,Journal Article,True,True,,False,False,,legacy Tagged Fiji? = Yes but no Research Geography row
raiula_reflective_practice_2018,Journal Article,True,True,Fiji - no province specified,True,False,verified,
raiula_reflective_thinking_2022,Journal Article,True,True,Fiji - no province specified,True,False,verified,
alasa_raiula_inclusive_education_2022,Journal Article,True,True,Fiji - no province specified,True,False,verified,
mandal_alam_baba_raiula_urbanization_2020,Journal Article,True,True,,False,False,,
prasad_raiula_alasa_multicultural_technology_2024,Journal Article,True,True,Fiji - no province specified,True,False,verified,
raiyawa_tapueluelu_dont_be_intimidated_2001,Other,False,True,Fiji - no province specified,True,False,verified,dropped: publication type 'Other' not in C2 include-set
nunn_measuring_peripherality_2019,Journal Article,True,False,Bua,False,False,verified,
clarke_law_custom_kubulau_2010,Journal Article,True,False,Bua,False,False,verified,
weeks_adaptive_comanagement_kubulau_2013,Journal Article,True,False,Bua,False,False,verified,
pearson_local_indigenous_knowledge_bua_2020,PhD Thesis,True,False,Bua,False,False,verified,
flynn_quilty_khan_ramacake_victim_blame_2026,Journal Article,True,True,Rewa; Macuata; Ba,False,False,verified,
chief_ramacake_eportfolio_social_work_2026,Conference Paper,False,True,Fiji - no province specified,True,False,verified,dropped: publication type 'Conference Paper' not in C2 include-set
ramacake_know_grow_show_portfolio_2025,Other,False,True,,False,False,,dropped: publication type 'Other' not in C2 include-set; legacy Tagged Fiji? = Yes but no Research Geography row
ramacake_fijian_social_work_practice_2010,Journal Article,True,True,Fiji - no province specified,True,False,verified,
ramacake_models_lovo_veiqaravi_2007,Other,False,True,Fiji - no province specified,True,False,verified,dropped: publication type 'Other' not in C2 include-set
ramacake_fieldwork_reflection_2023,Journal Article,True,True,Fiji - no province specified,True,False,verified,
ramacake_lawakeli_policing_wellbeing_2025,Journal Article,True,True,Fiji - no province specified,True,False,verified,
pearson_gender_mangrove_bua_2019,Journal Article,True,False,Bua,False,False,verified,
rarokolutu_multi_hazard_researchers_meeting_2023,Conference Paper,False,True,,False,False,,dropped: publication type 'Conference Paper' not in C2 include-set; legacy Tagged Fiji? = Yes but no Research Geography row
rarokolutu_kava_climate_vanua_levu_2024,Conference Paper,False,True,,False,False,,dropped: publication type 'Conference Paper' not in C2 include-set; legacy Tagged Fiji? = Yes but no Research Geography row
mangubhai_mud_crab_value_chain_2024,Journal Article,True,False,Bua,False,False,verified,
mangubhai_mud_crab_value_chain_2017,Report,True,False,Bua,False,False,verified,
nand_preliminary_mud_crab_bua_2016,Report,True,False,Bua,False,False,verified,
nand_western_bua_resilience_2013,Report,True,True,Bua,False,False,verified,
mangubhai_sea_cucumber_value_chain_2016,Report,True,True,Bua,False,False,verified,
ratu_social_behavioural_risk_2023,Conference Paper,False,True,,False,False,,dropped: publication type 'Conference Paper' not in C2 include-set; legacy Tagged Fiji? = Yes but no Research Geography row
copeland_nainoca_meo_ratuniata_brackish_rewa_2013,Report,True,True,,False,False,,legacy Tagged Fiji? = Yes but no Research Geography row
bogiva_leadership_qoliqoli_2007,Report,True,True,,False,False,,legacy Tagged Fiji? = Yes but no Research Geography row
tamata_flmma_ucunivanua_2007,Report,True,False,,False,False,,legacy Tagged Fiji? = Yes but no Research Geography row
korovulavula_tavua_plan_2007,Report,True,True,,False,False,,legacy Tagged Fiji? = Yes but no Research Geography row
vakamacawai_ratuva_vunibola_diabetes_2024,Journal Article,True,True,,False,False,,
kasami_abused_men_pha_2008,Conference Paper,False,True,Fiji - no province specified,True,False,verified,dropped: publication type 'Conference Paper' not in C2 include-set
ravuiwasa_effects_irradiation_2009,Journal Article,True,True,,False,False,,
rai_ravuiwasa_honey_bee_2019,Journal Article,True,True,Fiji - no province specified,True,False,verified,
shah_green_iguanas_threat_man_2020,Journal Article,True,True,Cakaudrove; Lomaiviti,False,False,verified,
dayal_ravuiwasa_mangrove_degradation_2022,Book Chapter,True,True,,False,False,,
meo_smallness_solidarity_1991,Journal Article,True,True,,False,False,,
meo_pioneering_pacific_theology_1996,Journal Article,True,True,,False,False,,
meo_gems_pacific_1996,Journal Article,True,True,,False,False,,
meo_globalization_faith_culture_2000,Journal Article,True,True,,False,False,,
meo_contextual_theology_2002,Journal Article,True,True,,False,False,,
meo_fijian_bible_study_year_a_2023,Book,True,True,,False,False,,
meo_fijian_bible_study_year_b_2024,Book,True,True,,False,False,,
meo_fijian_bible_study_year_c_2024,Book,True,True,,False,False,,
aalbersberg_community_based_conservation_fiji_2005,Conference Paper,False,True,Fiji - no province specified,True,False,verified,dropped: publication type 'Conference Paper' not in C2 include-set
meo_ecological_effectiveness_community_management_2012,Conference Paper,False,True,Fiji - no province specified,True,False,verified,dropped: publication type 'Conference Paper' not in C2 include-set
meo_marine_tenure_sea_cucumber_2012,Conference Paper,False,True,,False,False,,dropped: publication type 'Conference Paper' not in C2 include-set
meo_allen_erdmann_coral_reef_fish_lau_2021,Book Chapter,True,True,Lau,False,False,verified,
meo_rapid_biological_assessment_lau_2021,Report,True,True,Lau,False,False,verified,
tuvuki_waqa_sewabu_social_work_disasters_2025,Book Chapter,True,True,,False,False,,
meo_sewabu_carm_rural_nsw_conference_2025,Conference Paper,False,True,,False,False,,dropped: publication type 'Conference Paper' not in C2 include-set
gibson_beyond_air_conditioned_2022,Journal Article,True,True,Fiji - no province specified,True,False,verified,
hutchison_resetting_tourism_2021,Journal Article,True,True,,False,False,,
movono_comley_balawa_baseline_2007,Report,True,True,Ba,False,False,verified,
kikau_wisdom_fiji_1981,Book,True,True,Fiji - no province specified,True,False,verified,
nabalarua_pathways_political_participation_2002,Report,True,True,Tailevu,False,False,verified,
nayacakalou_tradition_1956,Master's Thesis,True,True,,False,False,,legacy Tagged Fiji? = Yes but no Research Geography row
copeland_nainoca_meo_ratuniata_brackish_rewa_2013,Report,True,True,,False,False,,
nainoca_waqairagata_coral_reef_resilience_gdc_2024,Conference Paper,False,True,,False,False,,dropped: publication type 'Conference Paper' not in C2 include-set
nainoca_waimanu_catchment_1998,Master's Thesis,True,True,Naitasiri,False,False,verified,
nainoca_vakaviti_community_environmental_management_2009,Book Chapter,True,True,,False,False,,
nainoca_traditional_indigenous_knowledge_forum_2009,Conference Paper,False,True,,False,False,,dropped: publication type 'Conference Paper' not in C2 include-set
nainoca_coastal_adaptation_blue_economy_2025,Conference Paper,False,True,,False,False,,dropped: publication type 'Conference Paper' not in C2 include-set
hay_nakalevu_pacific_climate_resource_book_2003,Book,True,True,,False,False,,
nakalevu_hunter_calliandra_provenance_1997,Report,True,True,,False,False,,
nakalevu_cva_guide_2006,Report,True,True,,False,False,,
nakalevu_community_level_adaptation_pacific_2006,Report,True,True,,False,False,,
namudu_pickering_rapid_survey_2006,Journal Article,True,True,,False,False,,legacy Tagged Fiji? = Yes but no Research Geography row
pickering_mate_namudu_lasi_train_trainers_2003,Report,True,True,,False,False,,
sobey_werner_thomson_water_security_2026,Other,False,True,,False,False,,dropped: publication type 'Other' not in C2 include-set; legacy Tagged Fiji? = Yes but no Research Geography row
navakamocea_nauru_nsds_2009,Report,True,True,,False,False,,
rafai_qalo_qiolevu_radua_stephens_becoming_educators_2021,Journal Article,True,True,,False,False,verified,verified Fiji rows exist but no province recorded
lingam_qalo_qiolevu_rafai_demystifying_research_2022,Journal Article,True,True,,False,False,verified,verified Fiji rows exist but no province recorded
lingam_sharma_qalo_qiolevu_italitali_2017,Conference Paper,False,True,,False,False,,dropped: publication type 'Conference Paper' not in C2 include-set; legacy Tagged Fiji? = Yes but no Research Geography row
gabber_zooming_field_methods_2023,Journal Article,True,False,Bua,False,False,verified,
harlow_abundance_fijian_iguana_2001,Journal Article,True,True,Bua,False,False,verified,
martin_climate_stressors_yadua_2018,Journal Article,True,False,Bua,False,False,verified,
singh_politeness_bua_fiji_hindi_2024,Journal Article,True,False,Bua,False,False,verified,
adams_social_acceptability_mpa_2011,Journal Article,True,False,Bua,False,False,verified,
thomas_cyclone_winston_mud_crab_2019,Journal Article,True,False,Bua,False,False,verified,
martin_last_millennium_yadua_2019,Journal Article,True,True,Bua,False,False,verified,
delevaux_linked_land_sea_kubulau_2018,Journal Article,True,False,Bua,False,False,verified,
andersson_tunivanua_cyclone_winston_2020,Journal Article,True,False,Bua,False,False,verified,
morrison_fiji_herpetofauna_2005,Journal Article,True,False,Bua; Cakaudrove; Lau,False,False,verified,
mills_adaptive_spatial_planning_2015,Journal Article,True,False,Bua,False,False,verified,
tulloch_data_resolution_reserves_2017,Journal Article,True,False,Bua,False,False,verified,
barrett_biomass_hotspot_namena_2019,Journal Article,True,False,Bua,False,False,verified,
morrison_spatial_ecology_iguana_2013,Journal Article,True,True,Bua,False,False,verified,
dayal_wind_resource_fiji_2021,Journal Article,True,False,Bua,False,False,verified,
tulloch_habitat_uncertainty_reserve_2013,Journal Article,True,False,Bua,False,False,verified,
goetze_artisanal_fishing_depth_2011,Journal Article,True,False,Bua,False,False,verified,
jenkins_freshwater_fish_vanua_levu_2011,Journal Article,True,False,Bua; Macuata,False,False,verified,
nair_wind_nasawana_2021,Journal Article,True,False,Bua,False,False,verified,
piggott_mckellar_climate_relocation_2019,Journal Article,True,True,Bua; Cakaudrove,False,False,verified,
gurney_equitable_mpa_design_2015,Journal Article,True,False,Bua,False,False,verified,
price_benthic_fish_winston_2021,Journal Article,True,False,Bua; Lomaiviti,False,False,verified,
ross_sheppard_kutau_bao_obsidian_2013,Journal Article,True,True,Macuata,False,False,verified,
delevaux_data_tools_ridge_to_reef_2017,PhD Thesis,True,False,Bua,False,False,verified,
chand_study_information_communication_technology_2025,Journal Article,True,False,Ba,False,False,verified,
henrich_fairness_without_punishment_behavioral_2014,Book Chapter,True,False,Ba,False,False,verified,
chand_perceived_causes_students_poor_2021,Journal Article,True,False,Ba,False,False,verified,
james_soccer_history_1980_1989_2019,Journal Article,True,False,Ba,False,False,verified,
byrne_enhancing_access_safe_drinking_2021,Journal Article,True,False,Ba,False,False,verified,
king_local_isotopic_ecologies_matter_2026,Journal Article,True,False,Ba,False,False,verified,
allwood_management_fruit_flies_pacific_1997,Conference Paper,False,False,Ba,False,False,verified,dropped: publication type 'Conference Paper' not in C2 include-set
lee_new_species_genus_acartia_2019,Journal Article,True,False,Ba,False,False,verified,
yeo_flooding_findings_100_year_2007,Journal Article,True,False,Ba,False,False,verified,
sroypetch_host_backpacker_perceptions_environmental_2018,Journal Article,True,False,Ba,False,False,verified,
gardner_new_noteworthy_plants_1997,Journal Article,True,False,Ba,False,False,verified,
ward_coexistence_habitat_patterns_assembly_2007,Journal Article,True,False,Ba,False,False,verified,
anonymous_abstracts_combined_annual_scientific_1995,Journal Article,True,False,Ba,False,False,verified,
kumari_does_land_lease_tenure_2016,Journal Article,True,False,Ba,False,False,verified,
james_indigenous_masculinity_tourism_as_2025,Journal Article,True,False,Ba,False,False,verified,
metherall_characterisation_ph_variations_along_2021,Journal Article,True,True,Ba,False,False,verified,
ghani_analysis_heavy_metal_accumulation_2020,Journal Article,True,False,Ba,False,False,verified,
naidu_physico_chemical_biological_properties_2021,Journal Article,True,False,Ba,False,False,verified,
yila_role_social_capital_post_2013,Book Chapter,True,False,Ba,False,False,verified,
al_nabhani_temporal_assessment_microplastics_distribution_2022,Journal Article,True,False,Ba,False,False,verified,
ahsan_impact_pre_competition_aerobic_2023,Journal Article,True,False,Ba,False,False,verified,
robb_changing_role_nearshore_marine_2014,Journal Article,True,False,Ba,False,False,verified,
pizam_perceptions_tourism_employees_their_1994,Journal Article,True,False,Ba,False,False,verified,
getahun_hepatitis_outbreak_ba_subdivision_2015,Journal Article,True,True,Ba,False,False,verified,
murphy_examination_tourists_willingness_pay_2018,Journal Article,True,False,Ba,False,False,verified,
irvine_participatory_approach_understanding_impact_2021,Book Chapter,True,False,Ba,False,False,verified,
devi_detection_campylobacter_human_faecal_2014,Journal Article,True,False,Ba,False,False,verified,
mcaneney_stationarity_major_flood_frequencies_2017,Journal Article,True,False,Ba,False,False,verified,
king_social_impacts_tourism_host_1993,Journal Article,True,False,Ba,False,False,verified,
chand_world_bank_case_suva_1989,Journal Article,True,False,Ba,False,False,verified,
scanlon_conservation_status_bats_2014,Journal Article,True,False,Ba; Cakaudrove,False,False,verified,
withrow_wong_factors_associated_perceived_health_2021,Journal Article,True,False,Ba,False,False,verified,
bennett_embodying_resilience_narrating_gendered_2021,Book Chapter,True,False,Ba,False,False,verified,
morrison_investigating_shellfish_deposition_landscape_2008,Conference Paper,False,False,Ba,False,False,verified,dropped: publication type 'Conference Paper' not in C2 include-set
morrison_archaeological_sedimentological_data_indicate_2018,Journal Article,True,False,Ba,False,False,verified,
rohit_prasad_do_they_like_geography_2025,Journal Article,True,False,Ba,False,False,verified,
singh_benthic_resource_baseline_mapping_2021,Journal Article,True,False,Ba,False,False,verified,
charan_feasibility_analysis_design_pv_2014,Conference Paper,False,False,Ba,False,False,verified,dropped: publication type 'Conference Paper' not in C2 include-set
james_nature_law_islands_meaning_2024,Journal Article,True,False,Ba,False,False,verified,
chen_spectral_discrimination_pumice_rafts_2022,Journal Article,True,False,Ba,False,False,verified,
vukialau_taoi_differential_effects_pre_cipitation_2023,Journal Article,True,True,Ba,False,False,verified,
stephens_location_based_environmental_factors_2018,Journal Article,True,False,Ba,False,False,verified,
gordon_first_photographic_evidence_oceanic_2022,Journal Article,True,False,Ba; Rewa,False,False,verified,
lawson_predicting_climate_change_impacts_2023,Journal Article,True,False,Ba,False,False,verified,
mohammed_ecology_distribution_soft_sediment_2008,Journal Article,True,False,Ba; Kadavu; Rewa,False,False,verified,
terry_climatological_aspects_south_pacific_2010,Journal Article,True,False,Ba,False,False,verified,
setterfield_tavua_caldera_complex_shoshonitic_1991,Journal Article,True,False,Ba,False,False,verified,
duncan_managing_multifunctional_landscapes_local_2020,Journal Article,True,False,Ba,False,False,verified,
kumar_primary_health_care_workers_2022,Journal Article,True,False,Ba,False,False,verified,
vierus_discovery_multispecies_shark_aggregation_2018,Journal Article,True,False,Ba,False,False,verified,
prasad_decarbonising_island_kitchens_assessing_2025,Journal Article,True,False,Ba,False,False,verified,
varea_qi_no_tu_i_2022,Journal Article,True,False,Ba,False,False,verified,
tent_miegunyah_bark_huts_grand_2020,Journal Article,True,False,Ba,False,False,verified,
rashni_leech_breach_first_record_2024,Journal Article,True,False,Ba,False,False,verified,
chandra_deconstructing_vulnerability_adaptation_coastal_2016,Journal Article,True,False,Ba,False,False,verified,
gravelle_vulnerability_assessment_sea_level_2008,Journal Article,True,False,Ba,False,False,verified,
neef_climate_adaptation_strategies_role_2018,Journal Article,True,False,Ba,False,False,verified,
bowell_turbine_design_helps_power_1995,Journal Article,True,False,Ba,False,False,verified,
nahar_fishermen_s_expert_views_2017,Conference Paper,False,False,Ba; Ra,False,False,verified,dropped: publication type 'Conference Paper' not in C2 include-set
maharaj_perception_health_care_workers_2022,Journal Article,True,False,Ba,False,False,verified,
shandil_micropropagation_breadfruit_altilis_enhanced_2015,Conference Paper,False,False,Ba,False,False,verified,dropped: publication type 'Conference Paper' not in C2 include-set
reeves_high_prevalence_rheumatic_heart_2011,Journal Article,True,False,Ba,False,False,verified,
gurjar_landcover_classification_change_detection_2026,Journal Article,True,False,Ba,False,False,verified,
begg_arc_dynamics_tectonic_history_2002,Journal Article,True,False,Ba,False,False,verified,
sharma_preterm_low_birth_weights_2007,Journal Article,True,False,Ba,False,False,verified,
kusmierczyk_michulec_global_atmospheric_monitoring_radionuclides_2024,Journal Article,True,False,Ba,False,False,verified,
hughes_globalisation_food_health_pacific_2005,Journal Article,True,False,Ba,False,False,verified,
eaton_relationship_between_epithermal_porphyry_1993,Journal Article,True,False,Ba,False,False,verified,
chernyshev_age_magmatic_events_epithermal_1995,Journal Article,True,False,Ba,False,False,verified,
mataki_baseline_climatology_viti_levu_2006,Journal Article,True,False,Ba,False,False,verified,
gupta_seasonal_scourge_mango_tree_2009,Journal Article,True,False,Ba,False,False,verified,
mani_traffic_related_pm2_5_2020,Journal Article,True,False,Ba,False,False,verified,
raj_atmospheric_visibility_cloud_ceiling_2024,Journal Article,True,False,Ba,False,False,verified,
nawai_flood_drought_assessment_dam_2015,Conference Paper,False,False,Ba,False,False,verified,dropped: publication type 'Conference Paper' not in C2 include-set
hidalgo_future_sugarcane_industry_climatic_2024,Journal Article,True,False,Ba; Macuata,False,False,verified,
squire_magmatic_characteristics_geochronology_ordovician_2007,Journal Article,True,False,Ba,False,False,verified,
sagero_variability_temperature_heatwaves_south_2025,Journal Article,True,False,Ba,False,False,verified,
kumar_once_you_get_cancer_2022,Journal Article,True,False,Ba,False,False,verified,
rogers_potassium_incompatible_element_enrichment_1994,Journal Article,True,False,Ba,False,False,verified,
james_they_couldn_t_win_2022,Journal Article,True,False,Ba,False,False,verified,
mcnamara_state_emergency_how_local_2013,Journal Article,True,False,Ba,False,False,verified,
setterfield_magmatism_associated_hydrothermal_activity_1992,Journal Article,True,False,Ba,False,False,verified,
pabon_how_geographically_concentrated_is_2012,Journal Article,True,True,Ba; Cakaudrove,False,False,verified,
james_benevolent_paternalism_player_transition_2026,Journal Article,True,True,Ba,False,False,verified,
kumar_perceptions_dental_health_professionals_2022,Journal Article,True,False,Ba; Macuata,False,False,verified,
munshi_paediatric_osteomyelitis_2018,Journal Article,True,False,Ba; Macuata,False,False,verified,
craddock_honest_iago_media_academic_2015,Journal Article,True,False,Ba,False,False,verified,
mani_black_carbon_elemental_characterization_2022,Journal Article,True,False,Ba,False,False,verified,
partridge_improvement_nadi_blue_grass_1979,Journal Article,True,False,Ba,False,False,verified,
brown_climate_change_economic_impacts_2017,Journal Article,True,False,Ba,False,False,verified,
varea_baseline_study_biomarkers_exposure_2024,Journal Article,True,False,Ba; Rewa,False,False,verified,
cronin_impacts_volcanism_pre_european_2000,Journal Article,True,False,Cakaudrove,False,False,verified,
thomas_soil_transmitted_helminth_infection_2005,Journal Article,True,False,Cakaudrove,False,False,verified,
game_new_pteridophyte_records_taveuni_2018,Journal Article,True,False,Cakaudrove,False,False,verified,
morley_has_invasive_mongoose_herpestes_2004,Journal Article,True,False,Cakaudrove,False,False,verified,
kaczmarek_new_freshwater_eutardigrade_vanuatu_2012,Journal Article,True,False,Cakaudrove,False,False,verified,
kramer_pseudophegopteris_thelypteridaceae_new_record_1988,Journal Article,True,False,Cakaudrove,False,False,verified,
cronin_probabilistic_assessment_eruption_recurrence_2001,Journal Article,True,False,Cakaudrove,False,False,verified,
cronin_holocene_volcanic_geology_volcanic_2001,Journal Article,True,False,Cakaudrove,False,False,verified,
haynes_gastropods_streams_rivers_5_1988,Journal Article,True,False,Cakaudrove; Kadavu,False,False,verified,
miller_archaic_flowering_plant_family_1989,Journal Article,True,False,Cakaudrove,False,False,verified,
johnson_revision_cyrtandra_tempestii_gesneriaceae_2020,Journal Article,True,False,Cakaudrove,False,False,verified,
naidu_mineralogy_soils_basaltic_ash_1987,Journal Article,True,False,Cakaudrove,False,False,verified,
cattermole_blues_taveuni_qamea_musicians_2007,Journal Article,True,False,Cakaudrove,False,False,verified,
holyoak_notes_birds_viti_levu_1979,Journal Article,True,False,Cakaudrove,False,False,verified,
kumar_wind_characteristics_energy_potentials_2012,Journal Article,True,False,Cakaudrove,False,False,verified,
lal_influence_mucuna_fallow_crop_2016,Conference Paper,False,False,Cakaudrove,False,False,verified,dropped: publication type 'Conference Paper' not in C2 include-set
terry_lake_tagimaucia_montane_lake_2022,Journal Article,True,False,Cakaudrove,False,False,verified,
wall_timing_millennium_when_where_1999,Journal Article,True,False,Cakaudrove,False,False,verified,
terry_potential_timing_high_energy_2014,Journal Article,True,False,Cakaudrove,False,False,verified,
otte_new_cricket_species_islands_2007,Journal Article,True,False,Cakaudrove,False,False,verified,
andersen_conservation_genomics_silktail_aves_2017,Journal Article,True,True,Cakaudrove,False,False,verified,
etienne_coral_boulders_gravel_tongues_2012,Journal Article,True,False,Cakaudrove,False,False,verified,
fife_significant_records_mosses_2011,Journal Article,True,True,Cakaudrove,False,False,verified,
kaplan_stability_referential_signalling_across_2013,Journal Article,True,False,Cakaudrove,False,False,verified,
ryan_records_3_new_fresh_1981,Journal Article,True,False,Cakaudrove,False,False,verified,
devi_kavalactone_content_profile_kava_2025,Journal Article,True,False,Cakaudrove,False,False,verified,
nisha_absorption_spectrometric_macronutrients_review_2020,Journal Article,True,False,Cakaudrove,False,False,verified,
thomson_review_hibiscus_malvaceae_malvoideae_2019,Journal Article,True,False,Cakaudrove; Macuata,False,False,verified,
mclay_terrestrial_crabs_sesarma_sesarmops_1990,Journal Article,True,False,Cakaudrove,False,False,verified,
terry_magnitudes_nearshore_waves_generated_2018,Journal Article,True,False,Cakaudrove,False,False,verified,
jogia_limonoids_medicinal_plant_dysoxylum_1989,Journal Article,True,False,Cakaudrove,False,False,verified,
brailovksy_revision_tribe_colpurini_heteroptera_1996,Journal Article,True,False,Cakaudrove,False,False,verified,
reddy_situ_wave_resource_assessment_2014,Journal Article,True,False,Cakaudrove,False,False,verified,
soderstrom_checklist_hornworts_liverworts_2011,Journal Article,True,False,Cakaudrove,False,False,verified,
van_gossum_nesobasis_further_examination_species_2008,Journal Article,True,True,Cakaudrove; Kadavu,False,False,verified,
sand_report_preliminary_analysis_first_2007,Journal Article,True,True,Cakaudrove,False,False,verified,
morgan_property_spirits_hereditary_global_2007,Journal Article,True,False,Cakaudrove,False,False,verified,
glaus_characteristics_shark_fisheries_2015,Journal Article,True,False,Cakaudrove,False,False,verified,
charan_customary_land_climate_change_2017,Conference Paper,False,False,Cakaudrove,False,False,verified,dropped: publication type 'Conference Paper' not in C2 include-set
haynes_distribution_five_species_septaria_1997,Journal Article,True,False,Cakaudrove,False,False,verified,
lee_molecular_morphological_evidence_new_2019,Journal Article,True,False,Cakaudrove,False,False,verified,
da_silva_current_status_introduced_allodapine_2016,Journal Article,True,False,Cakaudrove,False,False,verified,
southern_flora_fauna_water_chemistry_1986,Journal Article,True,False,Cakaudrove,False,False,verified,
kempf_songs_cannot_die_ritual_2003,Journal Article,True,False,Cakaudrove,False,False,verified,
dorey_review_bee_genus_homalictus_2019,Journal Article,True,False,Cakaudrove,False,False,verified,
shah_green_iguanas_threat_man_2020,Journal Article,True,True,Cakaudrove; Lomaiviti,False,False,verified,
jenkins_importance_ecosystem_based_management_2010,Journal Article,True,False,Cakaudrove; Macuata,False,False,verified,
rokocakau_flywheel_energy_storage_system_2019,Conference Paper,False,True,Cakaudrove,False,False,verified,dropped: publication type 'Conference Paper' not in C2 include-set
dehm_assessing_growth_survival_predator_2025,Journal Article,True,True,Cakaudrove,False,False,verified,
prasad_p_wave_residuals_at_1991,Journal Article,True,False,Cakaudrove,False,False,verified,
bertana_climate_change_adaptation_gender_2023,Journal Article,True,False,Cakaudrove,False,False,verified,
mcnamara_coping_extreme_weather_communities_2014,Journal Article,True,False,Cakaudrove,False,False,verified,
bochud_new_diancta_species_family_2021,Journal Article,True,False,Cakaudrove,False,False,verified,
narayan_isolation_characterization_aerobic_thermophilic_2008,Journal Article,True,False,Cakaudrove,False,False,verified,
wei_upper_mantle_structure_tonga_2016,Journal Article,True,False,Cakaudrove,False,False,verified,
kumar_wind_resource_assessment_energy_2026,Journal Article,True,False,Cakaudrove,False,False,verified,
clarke_all_female_broods_hypolimnas_1983,Journal Article,True,False,Cakaudrove,False,False,verified,
kim_island_wide_surveillance_gastrointestinal_2018,Journal Article,True,True,Cakaudrove,False,False,verified,
mcnamara_planning_community_relocations_due_2015,Journal Article,True,False,Cakaudrove,False,False,verified,
mcmichael_planned_relocation_health_case_2021,Journal Article,True,False,Cakaudrove,False,False,verified,
watson_cross_sectional_seroepidemiological_survey_2017,Journal Article,True,True,Cakaudrove,False,False,verified,
edwards_phosphate_forced_relocation_assessment_2013,Journal Article,True,False,Cakaudrove,False,False,verified,
sokolova_novel_chemolithotrophic_thermophilic_anaerobic_2007,Journal Article,True,False,Cakaudrove,False,False,verified,
kempf_reconfigurations_place_ethnicity_positionings_2005,Journal Article,True,False,Cakaudrove,False,False,verified,
tabucanon_continuity_change_identity_rights_2014,Journal Article,True,False,Cakaudrove,False,False,verified,
ledrew_change_detection_satellite_imagery_2000,Conference Paper,False,False,Cakaudrove,False,False,verified,dropped: publication type 'Conference Paper' not in C2 include-set
bertana_role_power_community_participation_2020,Journal Article,True,False,Cakaudrove,False,False,verified,
mcadam_self_determination_self_governance_2017,Journal Article,True,False,Cakaudrove,False,False,verified,
condamine_comprehensive_phylogeny_revised_taxonomy_2023,Journal Article,True,False,Cakaudrove,False,False,verified,
nemeth_phreatomagmatic_volcanic_hazards_where_2009,Conference Paper,False,False,Cakaudrove,False,False,verified,dropped: publication type 'Conference Paper' not in C2 include-set
ledrew_spatial_statistical_operator_applied_2004,Journal Article,True,False,Cakaudrove,False,False,verified,
sayes_changing_paths_land_early_1984,Journal Article,True,False,Cakaudrove,False,False,verified,
kishore_factors_influencing_quality_half_2015,Journal Article,True,False,Cakaudrove,False,False,verified,
lawson_historical_maps_provide_insight_2021,Journal Article,True,False,Cakaudrove,False,False,verified,
kitara_indigenous_climate_mobilities_governance_2026,Journal Article,True,False,Cakaudrove,False,False,verified,
gupta_luxury_yachting_islands_stakeholders_2023,Journal Article,True,False,Cakaudrove,False,False,verified,
farrelly_indigenous_democratic_decision_making_2011,Journal Article,True,False,Cakaudrove,False,False,verified,
verbeeten_petrology_geochemistry_tectonic_implications_1995,Conference Paper,False,False,Kadavu,False,False,verified,dropped: publication type 'Conference Paper' not in C2 include-set
danyushevsky_high_mg_adakites_kadavu_2008,Journal Article,True,False,Kadavu,False,False,verified,
zain_integrating_reanalysis_dem_data_2026,Journal Article,True,False,Kadavu,False,False,verified,
bruce_pontoniine_shrimps_great_astrolabe_1980,Journal Article,True,False,Kadavu,False,False,verified,
littler_castles_built_by_chiton_1999,Journal Article,True,False,Kadavu,False,False,verified,
jennings_artisanal_fisheries_great_astrolabe_1998,Journal Article,True,False,Kadavu,False,False,verified,
roberts_kadavu_health_promotion_model_1997,Journal Article,True,False,Kadavu,False,False,verified,
sofer_kadavu_island_adaptation_stagnation_2015,Journal Article,True,False,Kadavu,False,False,verified,
tomlinson_sacred_soil_kadavu_2002,Conference Paper,False,False,Kadavu,False,False,verified,dropped: publication type 'Conference Paper' not in C2 include-set
littler_unique_coral_reef_formation_1997,Journal Article,True,False,Kadavu,False,False,verified,
terry_kadavu_island_fluvial_studies_1999,Journal Article,True,False,Kadavu,False,False,verified,
sofer_revisiting_periphery_30_year_2018,Book Chapter,True,False,Kadavu,False,False,verified,
sharma_wind_energy_resource_assessment_2016,Journal Article,True,False,Kadavu; Rewa,False,False,verified,
torreton_biomass_production_heterotrophic_activity_1999,Journal Article,True,False,Kadavu,False,False,verified,
littler_impact_clod_pathogen_pacific_1995,Journal Article,True,False,Kadavu,False,False,verified,
kutty_estimation_different_wind_characteristics_2019,Journal Article,True,False,Kadavu,False,False,verified,
sass_gyarmati_bryophytes_islands_v_lopholejeunea_2008,Journal Article,True,False,Kadavu,False,False,verified,
kuhlken_agricultural_landscapes_kadavu_persistence_2007,Book Chapter,True,False,Kadavu,False,False,verified,
graham_size_spectra_as_indicators_2005,Journal Article,True,False,Kadavu,False,False,verified,
mafi_determining_ecotourism_satisfaction_attributes_2020,Journal Article,True,False,Kadavu,False,False,verified,
south_catalogue_marine_benthic_macroalgae_2003,Journal Article,True,False,Kadavu,False,False,verified,
tomlinson_perpetual_lament_kava_drinking_2004,Journal Article,True,False,Kadavu,False,False,verified,
sofer_yaqona_periphery_revisited_2007,Journal Article,True,False,Kadavu,False,False,verified,
ram_situ_near_shore_wave_2014,Journal Article,True,True,Kadavu,False,False,verified,
bertana_relocation_as_adaptation_sea_2019,Journal Article,True,False,Kadavu,False,False,verified,
barnett_effects_climate_change_geography_2018,Journal Article,True,False,Kadavu,False,False,verified,
schlacher_soft_sediment_benthic_community_1998,Journal Article,True,False,Kadavu,False,False,verified,
bertana_impact_faith_based_narratives_2020,Journal Article,True,False,Kadavu,False,False,verified,
mccarthy_implications_high_mg_adakitic_2022,Journal Article,True,False,Kadavu,False,False,verified,
pasinszki_bioactive_compound_profile_nutrition_2025,Journal Article,True,False,Kadavu,False,False,verified,
dickinson_petrography_sand_tempers_lapita_2013,Journal Article,True,False,Kadavu,False,False,verified,
leingang_phenotypic_variations_preferred_host_2019,Journal Article,True,False,Kadavu,False,False,verified,
cronin_nabukelevu_volcano_mt_washington_2004,Journal Article,True,False,Kadavu,False,False,verified,
leslie_properties_classification_selected_soils_1985,Journal Article,True,False,Lau,False,False,verified,
reepmeyer_post_colonization_interaction_between_2010,Journal Article,True,False,Lau,False,False,verified,
statham_manuscript_xlvi_new_light_2024,Journal Article,True,False,Lau,False,False,verified,
kuster_validation_accuracy_household_reporting_2006,Journal Article,True,False,Lau,False,False,verified,
clark_environmental_change_human_prehistory_1999,Conference Paper,False,False,Lau,False,False,verified,dropped: publication type 'Conference Paper' not in C2 include-set
clark_fieldwork_northern_viti_levu_2009,Book Chapter,True,False,Lau,False,False,verified,
worthy_giant_flightless_pigeon_gen_2001,Journal Article,True,False,Lau,False,False,verified,
clark_ceramic_assemblages_excavations_viti_2009,Book Chapter,True,False,Lau,False,False,verified,
marinov_contribution_odonata_fauna_moala_2025,Journal Article,True,False,Lau,False,False,verified,
kuster_long_term_trends_subsistence_2005,Journal Article,True,False,Lau,False,False,verified,
steadman_preliminary_survey_landbirds_lakeba_2000,Journal Article,True,False,Lau,False,False,verified,
fache_ridge_reef_approach_cicia_2022,Journal Article,True,False,Lau,False,False,verified,
zug_new_skink_reptilia_sauria_1985,Journal Article,True,False,Lau,False,False,verified,
hocart_lau_islands_1929,Journal Article,True,False,Lau,False,False,verified,
brown_saving_sea_cucumbers_population_2022,Journal Article,True,False,Lau; Macuata; Serua,False,False,verified,
thompson_adzes_lau_islands_1938,Journal Article,True,False,Lau,False,False,verified,
thompson_pottery_lau_islands_1938,Journal Article,True,False,Lau,False,False,verified,
walter_kinship_marriage_mualevu_dravidian_1975,Journal Article,True,False,Lau,False,False,verified,
thompson_culture_history_lau_islands_1938,Journal Article,True,False,Lau,False,False,verified,
thompson_southern_lau_ethnography_1940,Journal Article,True,False,Lau,False,False,verified,
searcy_bridging_islands_calming_seas_2017,Journal Article,True,False,Lau,False,False,verified,
williams_2_new_species_triplefin_1990,Journal Article,True,False,Lau,False,False,verified,
foye_lau_islands_1917,Journal Article,True,False,Lau,False,False,verified,
roe_uranium_disequilibrium_dating_phosphate_1983,Journal Article,True,False,Lau,False,False,verified,
li_intense_tropical_cyclone_activity_2025,Journal Article,True,False,Lau,False,False,verified,
nunn_late_quaternary_sea_level_2002,Journal Article,True,False,Lau,False,False,verified,
haynes_numbers_fresh_water_gastropods_1990,Journal Article,True,False,Lau,False,False,verified,
lucas_tridacna_tevoroa_lucas_ledua_1991,Journal Article,True,True,Lau,False,False,verified,
dulvy_informal_knowledge_infer_human_2004,Journal Article,True,False,Lau,False,False,verified,
tiavouane_first_record_devil_clam_2017,Journal Article,True,False,Lau,False,False,verified,
worthy_fossil_megapodes_aves_megapodiidae_2000,Journal Article,True,False,Lau,False,False,verified,
jones_long_term_perspective_biodiversity_2009,Journal Article,True,False,Lau,False,False,verified,
bromfield_comparison_87sr_86sr_isotope_2011,Journal Article,True,False,Lau,False,False,verified,
franklin_forest_plant_bird_communities_2010,Journal Article,True,False,Lau,False,False,verified,
burley_nukuleka_as_founder_colony_2010,Journal Article,True,False,Lau,False,False,verified,
naidu_evaluation_phosphate_rocks_chemical_1990,Journal Article,True,False,Lau,False,False,verified,
jones_talking_trash_studies_garbology_2012,Journal Article,True,False,Lau,False,False,verified,
jones_kana_tamata_or_feasts_2015,Journal Article,True,False,Lau,False,False,verified,
jones_prehistoric_diet_subsistence_integration_2009,Journal Article,True,False,Lau,False,False,verified,
keogh_molecular_morphological_analysis_critically_2008,Journal Article,True,False,Lau,False,False,verified,
dulvy_scale_dependant_control_motile_2002,Journal Article,True,False,Lau,False,False,verified,
purdy_origin_atoll_lagoons_2001,Journal Article,True,False,Lau,False,False,verified,
shardlow_scholarship_funding_through_strategic_2015,Journal Article,True,False,Lomaiviti,False,False,verified,
fisher_new_species_iguana_brachylophus_2017,Journal Article,True,True,Lomaiviti,False,False,verified,
nunn_reconstructing_tropical_paleoshorelines_archaeological_2005,Journal Article,True,False,Lomaiviti,False,False,verified,
scarr_roko_tui_lomaiviti_question_1970,Journal Article,True,False,Lomaiviti,False,False,verified,
watling_endangered_species_low_elevation_1995,Conference Paper,False,False,Lomaiviti,False,False,verified,dropped: publication type 'Conference Paper' not in C2 include-set
miyamoto_traditional_knowledge_medicinal_plants_2021,Journal Article,True,True,Lomaiviti,False,False,verified,
prakash_design_hybrid_microgrid_rural_2017,Conference Paper,False,False,Lomaiviti,False,False,verified,dropped: publication type 'Conference Paper' not in C2 include-set
brown_milieu_reporting_nacamaki_nabuna_2009,Journal Article,True,False,Lomaiviti,False,False,verified,
fache_women_s_active_engagement_2024,Journal Article,True,False,Lomaiviti,False,False,verified,
buckingham_indenture_indian_experience_leprosy_2017,Journal Article,True,False,Lomaiviti,False,False,verified,
prasad_wind_energy_analysis_vadravadra_2009,Journal Article,True,True,Lomaiviti,False,False,verified,
prasad_wind_characteristics_power_density_2009,Journal Article,True,True,Lomaiviti,False,False,verified,
davis_are_spine_bearing_freshwater_2020,Journal Article,True,False,Lomaiviti,False,False,verified,
ceraulo_chatting_behind_reef_fish_2024,Journal Article,True,False,Lomaiviti,False,False,verified,
prasad_wind_modelling_based_wind_2009,Journal Article,True,True,Lomaiviti,False,False,verified,
barrett_mantle_xenolith_evidence_lithospheric_2026,Journal Article,True,False,Lomaiviti,False,False,verified,
barclay_tuna_is_women_s_2022,Journal Article,True,False,Lomaiviti,False,False,verified,
mcallister_four_new_species_eimeria_2017,Journal Article,True,False,Lomaiviti,False,False,verified,
anantharajah_loving_technologies_beyond_climate_2025,Journal Article,True,False,Lomaiviti,False,False,verified,
ree_suicide_macuata_province_review_1971,Journal Article,True,False,Macuata,False,False,verified,
burley_exploration_as_strategic_process_2012,Journal Article,True,False,Macuata,False,False,verified,
burley_shell_disc_bead_maker_2019,Journal Article,True,False,Macuata,False,False,verified,
terry_examination_vertical_accretion_floodplain_2008,Journal Article,True,False,Macuata,False,False,verified,
kumar_health_care_workers_perceptions_2022,Journal Article,True,False,Macuata,False,False,verified,
burley_nineteenth_century_conflict_koivuanabuli_2016,Journal Article,True,True,Macuata,False,False,verified,
sand_nanaga_site_wasavulu_labasa_2025,Journal Article,True,True,Macuata,False,False,verified,
prasad_empowering_kavewa_socio_economic_2025,Journal Article,True,False,Macuata,False,False,verified,
robb_nature_chronology_prehistoric_settlement_2012,Journal Article,True,False,Macuata,False,False,verified,
valentin_dietary_patterns_during_late_2006,Journal Article,True,False,Macuata,False,False,verified,
kumar_perceptions_patients_factors_affecting_2022,Journal Article,True,False,Macuata,False,False,verified,
fakhruddin_probabilistic_tsunami_hazard_exposure_2021,Journal Article,True,False,Macuata,False,False,verified,
terry_assessing_utility_210pb_geochronology_2011,Journal Article,True,False,Macuata,False,False,verified,
jorquera_effects_tropical_cyclones_catchment_2024,Journal Article,True,False,Macuata,False,False,verified,
morrison_talasiga_lands_their_potential_2019,Journal Article,True,False,Macuata,False,False,verified,
narayan_characteristics_predictors_pain_among_2024,Journal Article,True,False,Macuata,False,False,verified,
masilaca_impact_sugarcane_cultivation_3_1986,Journal Article,True,True,Macuata,False,False,verified,
golden_combining_natural_history_collections_2014,Journal Article,True,True,Macuata,False,False,verified,
mcmichael_rising_seas_immobilities_translocality_2021,Journal Article,True,False,Macuata,False,False,verified,
kolinibaravi_breast_cancer_incidence_factors_2026,Journal Article,True,False,Macuata,False,False,verified,
samberkar_motor_vehicle_assisted_ligature_2012,Journal Article,True,False,Macuata,False,False,verified,
jorquera_impacts_climate_change_land_2020,Conference Paper,False,False,Macuata,False,False,verified,dropped: publication type 'Conference Paper' not in C2 include-set
pelletier_newly_identified_segments_pacific_2001,Journal Article,True,False,Macuata,False,False,verified,
sagero_livelihood_resilience_smallholder_livestock_2026,Journal Article,True,False,Macuata; Ra; Tailevu,False,False,verified,
pearce_mapping_social_values_sigatoka_2021,Journal Article,True,True,Nadroga/Navosa,False,False,verified,
dean_indigenous_knowledge_social_cohesion_2023,Journal Article,True,False,Nadroga/Navosa,False,False,verified,
cheung_palaeomobility_study_multi_period_2018,Journal Article,True,False,Nadroga/Navosa,False,False,verified,
kirkpatrick_vegetation_sigatoka_sand_dunes_1981,Journal Article,True,False,Nadroga/Navosa,False,False,verified,
kumar_human_responses_climate_change_2006,Journal Article,True,False,Nadroga/Navosa,False,False,verified,
pietrusewsky_skeletal_dental_health_bioarchaeology_2017,Journal Article,True,False,Nadroga/Navosa,False,False,verified,
field_environmental_climatic_considerations_hypothesis_2004,Journal Article,True,False,Nadroga/Navosa,False,False,verified,
chandra_food_production_consumption_village_1982,Journal Article,True,False,Nadroga/Navosa,False,False,verified,
burley_discontinuity_archaeological_record_supported_2014,Journal Article,True,False,Nadroga/Navosa,False,False,verified,
becker_postpartum_illness_sociosomatic_perspective_1998,Journal Article,True,False,Nadroga/Navosa,False,False,verified,
phaff_dietary_isotope_patterns_their_2016,Journal Article,True,False,Nadroga/Navosa,False,False,verified,
pickering_socio_ecological_challenges_food_2023,Journal Article,True,False,Nadroga/Navosa,False,False,verified,
field_land_tenure_competition_ecology_2005,Journal Article,True,False,Nadroga/Navosa,False,False,verified,
herrscher_life_histories_as_reconstructed_2024,Journal Article,True,False,Nadroga/Navosa,False,False,verified,
kumar_smallholder_farmer_perceptions_postharvest_2019,Journal Article,True,False,Nadroga/Navosa,False,False,verified,
nunn_alluvial_charcoal_sigatoka_valley_2004,Journal Article,True,False,Nadroga/Navosa,False,False,verified,
shadrack_carbonate_sediments_maui_bay_2020,Journal Article,True,False,Nadroga/Navosa,False,False,verified,
atumurirava_diamondback_moth_resistance_insecticides_2016,Conference Paper,False,False,Nadroga/Navosa,False,False,verified,dropped: publication type 'Conference Paper' not in C2 include-set
wotlolan_land_suitability_evaluation_multiple_2021,Journal Article,True,False,Nadroga/Navosa,False,False,verified,
glaus_essential_waters_young_bull_2019,Journal Article,True,False,Nadroga/Navosa; Rewa,False,False,verified,
roos_anthropogenic_burning_agricultural_intensification_2016,Journal Article,True,False,Nadroga/Navosa,False,False,verified,
riordan_investigating_geoarchaeological_deposits_naihehe_2021,Journal Article,True,False,Nadroga/Navosa,False,False,verified,
roos_fire_activity_deforestation_remote_2023,Journal Article,True,False,Nadroga/Navosa,False,False,verified,
turner_owners_path_cognatic_kinship_1986,Journal Article,True,False,Naitasiri,False,False,verified,
turner_some_reflections_significance_names_1991,Journal Article,True,False,Naitasiri,False,False,verified,
shah_impacts_tropical_rainforest_conversion_2023,Journal Article,True,False,Naitasiri,False,False,verified,
turner_weaving_web_kinship_siblingship_1991,Journal Article,True,False,Naitasiri,False,False,verified,
turner_sense_place_locus_identity_1988,Journal Article,True,False,Naitasiri,False,False,verified,
leggo_contrasting_geochemical_expressions_copper_1977,Journal Article,True,False,Namosi,False,False,verified,
tanaka_petrological_geochemical_characteristics_intrusive_2010,Journal Article,True,False,Namosi,False,False,verified,
imai_characteristics_porphyry_cu_mineralization_2007,Conference Paper,False,False,Namosi,False,False,verified,dropped: publication type 'Conference Paper' not in C2 include-set
orovan_geology_isotope_geochemistry_wainaulo_2018,Journal Article,True,False,Namosi,False,False,verified,
prasad_adopting_agroforestry_improved_soil_2016,Conference Paper,False,False,Namosi,False,False,verified,dropped: publication type 'Conference Paper' not in C2 include-set
o_meara_predictors_dietary_diversity_indigenous_2019,Journal Article,True,False,Namosi,False,False,verified,
kitolelei_multilayer_rules_governance_coastal_2014,Journal Article,True,False,Namosi,False,False,verified,
seeley_geology_rakiraki_district_viti_1970,Journal Article,True,False,Ra,False,False,verified,
kumar_preliminary_assessment_heavy_metals_2021,Journal Article,True,False,Ra,False,False,verified,
alfaro_migration_trail_affinity_snails_2007,Journal Article,True,False,Ra,False,False,verified,
alfaro_diet_littoraria_scabra_while_2008,Journal Article,True,False,Ra,False,False,verified,
nichols_climate_change_natural_hazards_2019,Journal Article,True,False,Ra,False,False,verified,
aquino_building_back_towards_storm_2019,Journal Article,True,False,Ra,False,False,verified,
prasad_modeling_forecasting_renewable_energy_2020,Book Chapter,True,False,Ra,False,False,verified,
regmi_petrogenesis_5_3_ma_2026,Journal Article,True,False,Ra,False,False,verified,
mcphie_pliocene_shoaling_basaltic_seamount_1995,Journal Article,True,False,Ra,False,False,verified,
kumar_prospects_wind_energy_production_2017,Conference Paper,False,False,Ra,False,False,verified,dropped: publication type 'Conference Paper' not in C2 include-set
squires_corals_at_mouth_rewa_1962,Journal Article,True,False,Rewa,False,False,verified,
carpenter_effects_forestry_activities_surface_2002,Conference Paper,False,True,Rewa,False,False,verified,dropped: publication type 'Conference Paper' not in C2 include-set
lata_misperceptions_climate_change_risk_2012,Journal Article,True,False,Rewa,False,False,verified,
juste_poinapen_community_profiling_intestinal_microbial_2019,Journal Article,True,False,Rewa,False,False,verified,
davis_tbt_contamination_artisanal_subsistence_1999,Journal Article,True,False,Rewa,False,False,verified,
marie_fisheries_independent_surveys_identify_2017,Journal Article,True,False,Rewa,False,False,verified,
fell_needs_assessment_dairy_industry_1993,Conference Paper,False,False,Rewa,False,False,verified,dropped: publication type 'Conference Paper' not in C2 include-set
glaus_red_eyes_juvenile_bull_2024,Journal Article,True,False,Rewa,False,False,verified,
nolet_are_you_prepared_representations_2016,Journal Article,True,False,Rewa,False,False,verified,
terry_geomorphological_evolution_navua_river_2002,Journal Article,True,False,Rewa; Serua,False,False,verified,
kostaschuk_suspended_sediment_transport_during_2003,Journal Article,True,False,Rewa,False,False,verified,
taboada_decolonial_design_practice_designing_2020,Journal Article,True,True,Rewa,False,False,verified,
pratap_heavy_metals_contamination_risk_2020,Journal Article,True,False,Rewa,False,False,verified,
singh_nutrient_pollution_laucala_bay_2009,Journal Article,True,False,Rewa,False,False,verified,
kostaschuk_tropical_cyclones_floods_2001,Journal Article,True,False,Rewa,False,False,verified,
anderson_fieldwork_southern_viti_levu_2009,Book Chapter,True,False,Rewa,False,False,verified,
marie_first_reconstruction_kinship_scalloped_2019,Journal Article,True,False,Rewa,False,False,verified,
naidu_response_marginopora_vertebralis_foraminifera_2017,Conference Paper,False,False,Rewa,False,False,verified,dropped: publication type 'Conference Paper' not in C2 include-set
kaure_complete_mitochondrial_genome_barcheek_2021,Journal Article,True,False,Rewa,False,False,verified,
shorten_structural_geology_suva_peninsula_1990,Journal Article,True,False,Rewa,False,False,verified,
vanukon_first_assessment_microplastic_concentrations_2025,Journal Article,True,True,Rewa,False,False,verified,
morrison_trace_element_studies_laucala_2001,Journal Article,True,False,Rewa,False,False,verified,
maata_heavy_metal_pollution_suva_2008,Journal Article,True,False,Rewa,False,False,verified,
murray_mapping_mangrove_alliances_historical_2022,Journal Article,True,False,Rewa,False,False,verified,
lal_effects_stressed_inshore_urban_2018,Journal Article,True,False,Rewa,False,False,verified,
maguire_isolation_coxsackie_viruses_human_1966,Journal Article,True,False,Rewa,False,False,verified,
powell_comparison_historical_1980s_contemporary_2025,Journal Article,True,False,Rewa,False,False,verified,
singh_water_properties_suva_lagoon_2009,Book Chapter,True,False,Rewa,False,False,verified,
newland_turning_spirits_into_witchcraft_2004,Journal Article,True,False,Rewa,False,False,verified,
tabassum_complete_mitochondrial_genome_doubled_2020,Journal Article,True,False,Rewa,False,False,verified,
singh_staminate_pistillate_flowers_fruits_2020,Journal Article,True,False,Rewa,False,False,verified,
kumar_examining_wind_quality_wind_2010,Journal Article,True,False,Rewa,False,False,verified,
stewart_elevated_tri_normal_butyl_1992,Journal Article,True,False,Rewa,False,False,verified,
pigliasco_we_branded_ourselves_long_2010,Journal Article,True,False,Rewa,False,False,verified,
morrison_organochlorine_contaminants_estuarine_coastal_1996,Journal Article,True,False,Rewa,False,False,verified,
von_hammerstein_individual_mangrove_trees_provide_2024,Journal Article,True,False,Rewa,False,False,verified,
king_relationship_life_history_patterns_1985,Journal Article,True,False,Rewa,False,False,verified,
henderson_anthropogenic_disturbance_contributes_loss_2026,Journal Article,True,True,Rewa,False,False,verified,
vinisha_impact_microplastics_attachment_strength_2026,Journal Article,True,False,Rewa,False,False,verified,
goberdhan_insights_into_coral_growth_2021,Journal Article,True,False,Rewa,False,False,verified,
robie_bearing_witness_pacific_climate_2020,Journal Article,True,False,Rewa,False,False,verified,
brunnschweiler_connecting_dots_tracking_bull_2024,Journal Article,True,False,Rewa; Serua,False,False,verified,
winterbottom_two_new_species_trimma_2017,Journal Article,True,False,Rewa,False,False,verified,
morris_sedimentology_geochemistry_reef_flat_2003,Journal Article,True,False,Rewa,False,False,verified,
ouillon_optical_algorithms_at_satellite_2008,Journal Article,True,False,Rewa,False,False,verified,
terry_rates_floodplain_accretion_tropical_2002,Journal Article,True,False,Rewa,False,False,verified,
kohn_early_pleistocene_molluscan_assemblage_1999,Journal Article,True,False,Rewa,False,False,verified,
marie_dna_analysis_juvenile_scalloped_2019,Journal Article,True,False,Rewa,False,False,verified,
cameron_high_variance_community_structure_2021,Journal Article,True,True,Rewa,False,False,verified,
isley_pm2_5_aerosol_black_2017,Journal Article,True,False,Rewa,False,False,verified,
shorten_stratigraphy_sedimentology_engineering_aspects_1993,Journal Article,True,False,Rewa,False,False,verified,
fennell_sustainability_ethics_tourism_imperative_2019,Journal Article,True,False,Serua,False,False,verified,
cardenosa_occurrence_juvenile_bull_sharks_2017,Journal Article,True,False,Serua,False,False,verified,
shepherd_evolution_moderate_energy_coast_1990,Journal Article,True,False,Serua,False,False,verified,
dehm_occurrence_microplastics_within_freshwater_2022,Journal Article,True,True,Serua,False,False,verified,
cameron_phenology_impact_mangrove_area_2022,Journal Article,True,False,Serua,False,False,verified,
narayan_absence_invasive_chytrid_fungus_2011,Journal Article,True,False,Tailevu,False,False,verified,
south_occurrence_use_compsopogon_coeruleus_2002,Journal Article,True,False,Tailevu,False,False,verified,
haynes_population_study_fresh_water_1988,Journal Article,True,False,Tailevu,False,False,verified,
tukana_history_brucellosis_pacific_island_2015,Journal Article,True,True,Tailevu,False,False,verified,
tukana_dairy_farm_demographics_management_2017,Journal Article,True,True,Tailevu,False,False,verified,
davuke_microplastic_contamination_endemic_maskray_2026,Journal Article,True,True,Tailevu,False,False,verified,
asai_figurative_vanua_as_archive_2026,Journal Article,True,False,Tailevu,False,False,verified,
singh_bacterial_parasitic_contamination_blood_2025,Journal Article,True,False,Tailevu,False,False,verified,
ravasua_introducing_minimally_invasive_gynaecological_2026,Conference Paper,False,True,,False,False,,dropped: publication type 'Conference Paper' not in C2 include-set; legacy Tagged Fiji? = Yes but no Research Geography row
harlow_decline_endemic_fijian_crested_iguana_2007,Journal Article,True,True,,False,False,,legacy Tagged Fiji? = Yes but no Research Geography row
leweniqila_seasonal_abundances_bactrocera_1997,Conference Paper,False,True,,False,False,,dropped: publication type 'Conference Paper' not in C2 include-set; legacy Tagged Fiji? = Yes but no Research Geography row
katz_green_schools_nutritional_food_security_2023,Conference Paper,False,True,,False,False,,dropped: publication type 'Conference Paper' not in C2 include-set; legacy Tagged Fiji? = Yes but no Research Geography row
jayawardena_comparative_fuzzy_logic_river_discharge_2014,Journal Article,True,True,,False,False,,legacy Tagged Fiji? = Yes but no Research Geography row
hofstetter_frequency_magnitude_south_pacific_capitals_2000,Journal Article,True,True,,False,False,,legacy Tagged Fiji? = Yes but no Research Geography row
